Account Code,Account Name,Debit,Credit
147/4,Lottery control account,4716,0
127/6,Interest in associates - Impairments,14139,0
24/9,Reversal of impairment losses on computer software,210,0
49/3,Temporary staff and recruitment,5103,0
12/1,Vehicles costs,249025,0
49/3,Temporary staff and recruitment,7252,0
127/4,Interest in associates - Share of profit/loss,0,9209
29/102,Imported Test Account 0102,4486,0
127/7,Interest in associates - Reversal of impairments,0,46969
264/3,Pension surplus not recognised,0,14816
29/163,Imported Test Account 0163,0,1723
29/196,Imported Test Account 0196,3192,0
220/3,Equity share premium - utilisation,2476,0
24/2,Reversal of impairment losses on goodwill (disallowable),8852,0
206/4,Other leases interest - 2 to 3 years,7587,0
162/3,Amounts owed by/to joint ventures,12446,0
125/17,Shares in group - provision - reversal of impairments,66258,0
154/3,Accrued interest receivable,8911,0
107/16,Short leasehold - depreciation - impairments,0,268177
196/10,Preference shares - share type 9,0,4539
55/5,Impairment loss on computer software (disallowable),10976,0
55/4,Impairment loss on development costs (disallowable),11207,0
53/12,Depreciation of short leasehold,0,66
129/14,Interest in joint ventures - Provision written back,0,15837
119/4,Long leasehold (leased) - Grants,220,0
28/96,Imported Test Account 0096,0,61011
134/3,Loans to other participating interests - Repayments,0,231
110/11,Plant and machinery - Accumulated depreciation b/fwd,0,7559
108/18,Long leasehold - Exchange differences,0,1096
116/20,Computer software (leased) - Reclassification/transfers,0,12204
101/6,Goodwill - Impairments,114,0
194/16,Preference shares - share type 15,253564,0
118/18,Short leasehold (leased) - depreciation - exchange differences,670,0
127/6,Interest in associates - Impairments,0,8663
130/6,Interest in joint ventures' goodwill - Impairments,0,260230
200/3,Preference shares - share type 2,2736,0
139/15,Investment property - depreciation - revaluation adjustments,0,27319
23/5,Profit on sale of computer software (disallowable),7419,0
156/9,Other investments - Unlisted - Addtions cost,73847,0
128/1,Interest in associates' goodwill - Cost b/fwd,0,6187
194/21,Preference shares - share type 20,0,17566
120/13,Improvements to property (leased) - Eliminated on disposal,0,14978
101/10,Goodwill - Reclassification/transfers,0,9809
29/173,Imported Test Account 0173,0,11558
29/165,Imported Test Account 0165,0,43280
123/9,Motor vehicles (leased) - Transfer to ownership,4337,0
29/126,Imported Test Account 0126,0,70
115/10,Development costs (leased) - Reclassification/transfers,136,0
264/7,Unrealised (deficit)/surplus on impairment of tangible fixed assets,0,10144
117/9,Freehold property (leased) - Transfer to ownership,13249,0
126/2,Loans to Group - New Loans,12951,0
140/1,Investment property (leased) - cost b/fwd,73261,0
5/5,Directors' commission,0,160876
119/4,Long leasehold (leased) - Grants,8808,0
5/12,Directors' remuneration trust expenses,0,33611
109/3,Improvements to property - Disposals cost,0,14166
61/4,Motor repairs and servicing,0,5921
210/5,Accruals and deferred income,43217,0
129/3,Interest in joint ventures - Disposals cost,0,44
133/1,Loans to Joint ventures - Cost b/fwd,72706,0
164/1,Directors' current accounts,9274,0
110/16,Plant and machinery - depreciation - impairments,0,6735
119/16,Long leasehold (leased) - depreciation - impairments,9769,0
24/9,Reversal of impairment losses on computer software,0,5646
5/12,Directors' remuneration trust expenses,0,11642
68/20,Joint venture profit/loss on sale of fixed asset investments,8533,0
46/1,Gain/loss on revaluation of assets,0,1313
146/2,Amounts recoverable on contract,0,1548
24/9,Reversal of impairment losses on computer software,7949,0
124/18,Computer equipment (leased) - depreciation - exchange differences,1802,0
131/15,Interest in others - Revaluation adjustments,0,9405
168/1,VAT control account,1674,0
203/7,Finance leases gross more than 5 years,35047,0
149/3,Prepayments,11203,0
104/13,Computer software - amortisation - on disposal,0,9354
133/1,Loans to Joint ventures - Cost b/fwd,0,6922
224/6,Increase in share capital,90528,0
49/3,Temporary staff and recruitment,0,4769
129/4,Interest in joint ventures - Share of profit/loss,0,3908
29/196,Imported Test Account 0196,0,67749
67/2,Joint ventures share of profit/(loss),0,7533
119/19,Long leasehold (leased) - depreciation - transfer to ownership,0,41398
113/11,Computer equipment - Accumulated depreciation b/fwd,12826,0
28/23,Imported Test Account 0023,0,7755
49/3,Temporary staff and recruitment,0,3983
198/10,Preference shares - share type 9,64936,0
29/101,Imported Test Account 0101,5350,0
103/9,Development costs - Transfer to ownership,5311,0
138/9,Investment in own shares - Dividends received,61698,0
111/11,Fixtures and fittings - Accumulated depreciation b/fwd,0,2329
33/1,Current asset investment income,12930,0
119/1,Long leasehold (leased) - Cost b/fwd,0,2901
29/159,Imported Test Account 0159,136,0
133/4,Loans to Joint ventures - Revaluations,0,4277
41/3,Variable payments,7481,0
129/3,Interest in joint ventures - Disposals cost,0,12833
29/173,Imported Test Account 0173,13780,0
119/7,Long leasehold (leased) - Reversal of impairments,0,69716
123/20,Motor vehicles (leased) - Reclassification/transfers,0,60609
28/52,Imported Test Account 0052,24929,0
215/6,Share capital 5,70934,0
133/1,Loans to Joint ventures - Cost b/fwd,0,9229
102/10,"Patents, trademarks and licenses - Reclassification/transfers",0,2859
111/11,Fixtures and fittings - Accumulated depreciation b/fwd,0,13782
115/20,Development costs (leased) - Reclassification/transfers,0,34418
169/2,Bills of exchange payable,5530,0
121/3,Plant and machinery (leased) - Disposals cost,0,8533
111/7,Fixtures and fittings - Reversal of impairments,0,14487
53/17,Depreciation of motor vehicles,7636,0
75/1,Taxation - exceptional items,0,5336
127/9,Interest in associates - Dividends received,87342,0
192/11,Preference shares - share type 10,0,1743
236/19,Other - depreciation - transfer to ownership,71459,0
24/9,Reversal of impairment losses on computer software,18217,0
41/3,Variable payments,11262,0
70/8,Other operating leases,94858,0
177/1,Accrued expenses,2630,0
27/1,Income from share in group undertakings,0,51387
43/10,Profit/loss on sale of tangible fixed assets,0,95105
29/175,Imported Test Account 0175,0,234
49/3,Temporary staff and recruitment,41370,0
28/84,Imported Test Account 0084,13825,0
116/7,Computer software (leased) - Reversal of impairments,1683,0
211/42,Dbps : actuarial gain/loss in current accounting period,0,8886
56/1,Administrative expenses - exceptional item,165,0
212/26,Assets settlements,0,10013
207/1,Deferred tax timing difference,0,13098
8/12,Depreciation of short leasehold,137,0
105/14,Other - amortisation - charge written back,237,0
81/1,Joint ventures/associates deferred tax,0,4471
52/2,Rent,0,46649
200/3,Preference shares - share type 2,3905,0
28/1,Income from participating interest in associated undertakings,214,0
103/3,Development costs - Disposals cost,0,11399
102/19,"Patents, trademarks and licenses - amortisation - transfer to ownership",0,40827
170/6,Proposed dividends share type 5,9297,0
68/22,Associates reorganisation and restructuring costs,0,7141
52/6,Property maintenance (disallowable),9874,0
43/10,Profit/loss on sale of tangible fixed assets,0,10326
186/1,Bank loans and overdrafts,14885,0
196/9,Preference shares - share type 8,32643,0
122/15,Fixtures and fittings (leased) - depreciation - revaluation adjustments,0,2529
104/20,Computer software - Reclassification/transfers,0,5878
228/3,Transfers to/from other reserves,27573,0
52/5,Property maintenance,0,11625
102/9,"Patents, trademarks and licenses - Transfer to ownership",4102,0
66/13,Consultancy fee,0,1937
131/8,Interest in others - Exchange differences,51277,0
122/15,Fixtures and fittings (leased) - depreciation - revaluation adjustments,16293,0
12/1,Vehicles costs,0,14191
170/18,Proposed dividends share type 17,0,12181
108/11,Long leasehold - Accumulated depreciation b/fwd,234603,0
111/19,Fixtures and fittings - depreciation - transfer to ownership,112,0
164/4,Directors' current accounts - repayments,88848,0
106/16,Freehold property - depreciation - impairments,0,2134
53/15,Depreciation of plant and machinery,0,6811
103/3,Development costs - Disposals cost,3422,0
192/18,Preference shares - share type 17,0,217
127/6,Interest in associates - Impairments,0,94751
106/17,Freehold property - depreciation - reversal of impairments,0,7201
66/12,Food and subsistence,64418,0
194/19,Preference shares - share type 18,8925,0
45/3,Profit/loss on sale or termination of an operation,0,8969
135/6,Other investments not loans - Listed - Impairments,0,4961
198/10,Preference shares - share type 9,0,78344
121/6,Plant and machinery (leased) - Impairments,0,2584
133/1,Loans to Joint ventures - Cost b/fwd,3440,0
136/1,Other investments not loans - Unlisted - Cost b/fwd,14020,0
23/3,"Profit on sale of patents, trademarks and licenses (disallowable)",11018,0
194/21,Preference shares - share type 20,68943,0
134/3,Loans to other participating interests - Repayments,0,1351
104/9,Computer software - Transfer to ownership,7969,0
215/1,Called up share capital,35306,0
41/3,Variable payments,10053,0
9/4,Profit/loss on sale of development costs (disallowable),0,11550
28/64,Imported Test Account 0064,3307,0
222/3,Revaluation of fixed assets,23394,0
29/178,Imported Test Account 0178,0,6471
136/1,Other investments not loans - Unlisted - Cost b/fwd,72826,0
8/5,Amortisation of computer software (disallowable),0,235
174/6,Wages and salaries control account,11363,0
119/19,Long leasehold (leased) - depreciation - transfer to ownership,1682,0
68/9,Profit/loss on sale of goodwill,176759,0
154/4,Deposits paid,13844,0
219/2,Share premium brought forward,148,0
106/17,Freehold property - depreciation - reversal of impairments,0,3313
130/3,Interest in joint ventures' goodwill - Disposals cost,0,11322
8/2,Amortisation of goodwill (disallowable),2210,0
115/10,Development costs (leased) - Reclassification/transfers,0,248
24/9,Reversal of impairment losses on computer software,0,11
194/21,Preference shares - share type 20,0,8123
7/1,Staff training,83023,0
108/13,Long leasehold - Eliminated on disposal,0,12638
116/7,Computer software (leased) - Reversal of impairments,1468,0
211/42,Dbps : actuarial gain/loss in current accounting period,0,3822
120/18,Improvements to property (leased) - depreciation - exchange differences,63349,0
24/9,Reversal of impairment losses on computer software,0,9109
12/2,Freight and haulage,0,5804
116/7,Computer software (leased) - Reversal of impairments,0,4301
236/16,Other - depreciation - impairments,2163,0
47/15,Directors pension current service costs,0,8321
28/40,Imported Test Account 0040,14187,0
140/1,Investment property (leased) - cost b/fwd,0,59000
5/11,Directors' share-based payments,0,1708
210/2,Deferred government grants,0,1989
116/14,Computer software (leased) - amortisation - charge written back,234,0
47/15,Directors pension current service costs,11861,0
17/1,Gain/loss on revaluation of assets,0,14021
129/18,Interest in joint ventures - provision - exchange differences,7986,0
129/3,Interest in joint ventures - Disposals cost,0,84952
134/5,Loans to other participating interests - Aggregate amount W/Off,9182,0
5/9,Directors' pensions contributions,0,550
223/10,Reduction in share capital,68214,0
129/5,Interest in joint ventures - Revaluations,0,44177
196/20,Preference shares - share type 19,0,2283
222/13,Increase in share capital,21740,0
104/15,Computer software - amortisation - revaluation adjustments,0,12504
29/123,Imported Test Account 0123,7136,0
36/9,Directors' pensions contributions,1882,0
105/5,Other - Revaluations,6700,0
115/10,Development costs (leased) - Reclassification/transfers,13398,0
116/7,Computer software (leased) - Reversal of impairments,0,77
1/12,rtyrtyrty,134,0
112/7,Motor vehicles - Reversal of impairments,3146,0
125/14,Shares in Group - Provision written back,0,7730
29/173,Imported Test Account 0173,2713,0
101/1,Goodwill - Cost b/fwd,62285,0
29/127,Imported Test Account 0127,0,180
105/4,Other - Grants,11174,0
9/7,"Profit/loss on sale of patents, trademarks and licenses",8164,0
107/4,Short leasehold - Grants,96834,0
47/15,Directors pension current service costs,0,6914
104/8,Computer software - Exchange differences,0,2982
44/2,Impairment loss on goodwill (disallowable),98825,0
207/4,Other timing differences,0,5678
129/19,Interest in joint ventures - Reclassification/transfers,0,326473
129/3,Interest in joint ventures - Disposals cost,9997,0
129/3,Interest in joint ventures - Disposals cost,1986,0
129/10,Interest in joint ventures - Reclassification/transfers,10933,0
29/173,Imported Test Account 0173,34865,0
235/13,Office equipment - depreciation - on disposal,0,61284
211/24,Assets exchange differences on foreign plans,3181,0
47/15,Directors pension current service costs,0,4273
129/19,Interest in joint ventures - Reclassification/transfers,372634,0
29/188,Imported Test Account 0188,0,3537
147/3,Interest receivable and other income,0,20119
111/7,Fixtures and fittings - Reversal of impairments,14996,0
170/19,Proposed dividends share type 18,0,12925
111/11,Fixtures and fittings - Accumulated depreciation b/fwd,0,8448
228/1,Special reserves b/fwd,35043,0
147/3,Interest receivable and other income,1142,0
264/6,Gain/(loss) on equity Instruments (non- reclassifible),7643,0
134/1,Loans to other participating interests - Cost b/fwd,0,10839
66/13,Consultancy fee,0,201618
138/17,Investment in own shares - provision - reversal of impairments,0,264387
78/1,Tax on extraordinary items,0,1691
178/1,Contract liabilities,11071,0
104/9,Computer software - Transfer to ownership,0,5305
115/1,Development costs (leased) - Cost b/fwd,0,14431
5/2,Directors' salaries,47152,0
129/19,Interest in joint ventures - Reclassification/transfers,0,26624
143/1,Finished goods,57,0
149/5,Advance paid,0,3626
224/9,Other movements,31894,0
45/3,Profit/loss on sale or termination of an operation,7250,0
117/4,Freehold property (leased) - Grants,0,12280
116/7,Computer software (leased) - Reversal of impairments,0,35
68/3,Reorganisation and restructuring costs,0,1837
69/3,Joint ventures amounts w/o investments,11439,0
205/3,Other leases gross - 1 to 2 years,0,3726
109/16,Improvements to property - depreciation - impairments,0,237
211/10,Obligation benefits paid,530,0
24/9,Reversal of impairment losses on computer software,8068,0
113/1,Computer equipment - Cost b/fwd,8204,0
211/10,Obligation benefits paid,0,1960
111/1,Fixtures and fittings - Cost b/fwd,0,10722
112/8,Motor vehicles - Exchange differences,0,14159
118/19,Short leasehold (leased) - depreciation - transfer to ownership,0,13470
29/115,Imported Test Account 0115,80479,0
105/4,Other - Grants,0,211
125/14,Shares in Group - Provision written back,0,34819
115/19,Development costs (leased) - Transfer to ownership,0,5514
67/5,Joint ventures goodwill amortisation,14040,0
123/12,Motor vehicles (leased) - Depreciation charge for the Year,0,14890
136/1,Other investments not loans - Unlisted - Cost b/fwd,12213,0
207/3,Tax losses carried forward,0,49675
138/6,Investment in own shares - Impairments,14830,0
146/3,Amounts receivable in respect of finance leases,1080,0
111/11,Fixtures and fittings - Accumulated depreciation b/fwd,0,8338
29/159,Imported Test Account 0159,0,46559
110/5,Plant and machinery - Revaluations,65786,0
2/7,Opening stock - other inventories,3338,0
194/9,Preference shares - share type 8,7310,0
127/6,Interest in associates - Impairments,0,129
29/159,Imported Test Account 0159,0,21708
135/19,Other investments not loans - Listed - Reclassification/transfers,12023,0
59/4,Taxation compliance services,95991,0
127/6,Interest in associates - Impairments,0,193
53/8,Amortisation of development costs,0,7567
210/2,Deferred government grants,11282,0
53/21,Depreciation of office equipment,0,14451
29/163,Imported Test Account 0163,1127,0
12/1,Vehicles costs,0,3212
131/3,Interest in others - Disposals cost,0,18511
192/23,Other issues,0,174
210/3,Accrued expenses,219500,0
28/52,Imported Test Account 0052,9378,0
166/2,Social security and other tax,12377,0
219/5,Cash share issue,0,76996
67/3,Associates share of profit/(loss),55,0
105/2,Other - Additions cost,5420,0
29/134,Imported Test Account 0134,0,94386
24/9,Reversal of impairment losses on computer software,9497,0
8/9,Amortisation of computer software,32676,0
29/190,Imported Test Account 0190,0,3000
202/3,Hire purchase interest - 1 to 2 years,3557,0
12/1,Vehicles costs,0,1579
28/41,Imported Test Account 0041,146,0
127/6,Interest in associates - Impairments,14984,0
15/2,Other operating leases,8954,0
129/3,Interest in joint ventures - Disposals cost,0,12289
196/7,Preference shares - share type 6,0,12722
102/19,"Patents, trademarks and licenses - amortisation - transfer to ownership",96831,0
122/15,Fixtures and fittings (leased) - depreciation - revaluation adjustments,5172,0
1/1,Sales,344981,0
117/8,Freehold property (leased) - Exchange differences,0,8796
109/16,Improvements to property - depreciation - impairments,0,78415
53/6,Amortisation of goodwill,10641,0
70/10,Dividends on preference shares,0,46607
111/7,Fixtures and fittings - Reversal of impairments,94907,0
29/196,Imported Test Account 0196,0,3318
204/3,Finance leases interest - 1 to 2 years,2589,0
43/11,Profit/loss on sale of investments,0,567
173/1,Contract liabilities,4934,0
68/20,Joint venture profit/loss on sale of fixed asset investments,0,48
55/6,Impairment loss on goodwill,73,0
28/92,Imported Test Account 0092,23,0
29/159,Imported Test Account 0159,0,52029
59/4,Taxation compliance services,2902,0
68/20,Joint venture profit/loss on sale of fixed asset investments,14813,0
28/18,Imported Test Account 0018,0,2240
36/8,Directors' pension contributions - defined contribution plan,0,4246
116/7,Computer software (leased) - Reversal of impairments,1,0
194/21,Preference shares - share type 20,130,0
129/3,Interest in joint ventures - Disposals cost,11336,0
109/9,Improvements to property - Transfer to ownership,0,3822
102/19,"Patents, trademarks and licenses - amortisation - transfer to ownership",982,0
103/9,Development costs - Transfer to ownership,0,45164
68/5,Profit/loss on sale of goodwill (disallowable),64199,0
40/6,Commissions paid,7572,0
29/169,Imported Test Account 0169,58986,0
111/12,Fixtures and fittings - Depreciation charge for the Year,1946,0
125/14,Shares in Group - Provision written back,42720,0
119/19,Long leasehold (leased) - depreciation - transfer to ownership,0,31929
120/3,Improvements to property (leased) - Disposals cost,0,6568
118/18,Short leasehold (leased) - depreciation - exchange differences,11232,0
223/5,Transfer to/from profit and loss account,0,12204
129/3,Interest in joint ventures - Disposals cost,0,272323
47/15,Directors pension current service costs,0,79820
102/19,"Patents, trademarks and licenses - amortisation - transfer to ownership",0,6662
124/14,Computer equipment (leased) - depreciation - charge written back,42,0
124/1,Computer equipment (leased) - Cost b/fwd,0,79856
103/8,Development costs - Exchange differences,0,11607
68/5,Profit/loss on sale of goodwill (disallowable),1790,0
164/4,Directors' current accounts - repayments,124,0
103/4,Development costs - Grants,0,1185
60/8,PAYE/NI penalties,0,5072
59/1,Auditor's remuneration for non-audit work,0,90846
107/13,Short leasehold - depreciation - on disposal,0,6803
47/15,Directors pension current service costs,12350,0
5/12,Directors' remuneration trust expenses,0,5009
43/10,Profit/loss on sale of tangible fixed assets,0,8219
225/5,Cash share issue,0,9800
212/27,Assets return on plan assets (excluding interest income),0,6073
119/19,Long leasehold (leased) - depreciation - transfer to ownership,76,0
62/2,Bad debts written off (specific),0,328766
47/13,Payment to third parties for director's services,94243,0
102/5,"Patents, trademarks and licenses - Revaluations",8329,0
29/146,Imported Test Account 0146,0,211553
60/6,VAT penalties,6386,0
29/175,Imported Test Account 0175,0,11124
217/5,Prior year adjustment - correction of error,0,11604
134/2,Loans to other participating interests - New loans,0,13965
14/3,Variable payments,6731,0
102/10,"Patents, trademarks and licenses - Reclassification/transfers",0,78037
170/3,Proposed dividends share type 2,5582,0
107/12,Short leasehold - Depreciation charge for the Year,0,11668
119/11,Long leasehold (leased) - Accumulated depreciation b/fwd,77093,0
48/10,Pension past service cost (DB),55477,0
154/4,Deposits paid,28599,0
140/1,Investment property (leased) - cost b/fwd,0,66546
104/7,Computer software - Reversal of impairments,0,9212
131/10,Interest in others - Reclassification/transfers,8548,0
128/7,Interest in associates' goodwill - Reversal of impairments,1873,0
68/5,Profit/loss on sale of goodwill (disallowable),0,29953
66/13,Consultancy fee,3319,0
49/3,Temporary staff and recruitment,109,0
44/2,Impairment loss on goodwill (disallowable),188,0
45/3,Profit/loss on sale or termination of an operation,0,4341
212/10,Obligation exchange differences on foreign plans,0,8890
129/19,Interest in joint ventures - Reclassification/transfers,11760,0
153/2,Premium on called up share capital not paid,17659,0
105/16,Other - amortisation - impairments,0,8257
28/84,Imported Test Account 0084,0,11048
205/3,Other leases gross - 1 to 2 years,0,1657
115/10,Development costs (leased) - Reclassification/transfers,0,12998
55/1,Impairment loss on intangible fixed assets,0,833
24/5,Reversal of impairment losses on computer software (disallowable),0,4815
66/13,Consultancy fee,0,97452
45/3,Profit/loss on sale or termination of an operation,0,13591
66/10,Company formation costs,0,182
207/5,Deferred tax,0,7316
198/10,Preference shares - share type 9,0,3350
118/18,Short leasehold (leased) - depreciation - exchange differences,0,3396
127/4,Interest in associates - Share of profit/loss,0,12942
121/1,Plant and machinery (leased) - Cost b/fwd,69001,0
111/7,Fixtures and fittings - Reversal of impairments,18,0
131/4,Interest in others - Share of profit/loss,0,244
136/1,Other investments not loans - Unlisted - Cost b/fwd,0,1892
69/2,Joint ventures/associates amounts w/o investments,67335,0
218/5,Purchase of own shares,0,164
71/3,Associates interest payable and similar charges,0,32726
223/8,Cash share issue,0,10599
235/8,Office equipment - Exchange differences,0,71012
264/13,Unrealized gain/(loss) (reclassifiable),0,820
47/15,Directors pension current service costs,0,1712
125/6,Shares in Group - Impairments,0,744
147/3,Interest receivable and other income,40055,0
29/100,Imported Test Account 0100,0,14831
123/2,Motor vehicles (leased) - Additions cost,5803,0
130/3,Interest in joint ventures' goodwill - Disposals cost,12069,0
123/1,Motor vehicles (leased) - Cost b/fwd,10643,0
198/6,Preference shares - share type 5,0,86463
118/18,Short leasehold (leased) - depreciation - exchange differences,117,0
226/8,Acquisition of non-controlling interest,609,0
41/3,Variable payments,14715,0
150/1,Contract assets,277033,0
111/11,Fixtures and fittings - Accumulated depreciation b/fwd,0,50696
111/7,Fixtures and fittings - Reversal of impairments,0,5264
212/16,Obligation other remeasurement,0,7332
59/4,Taxation compliance services,0,5517
264/5,Remeasurement of financial liabilities (credit risk),38446,0
215/3,Share capital 2,0,4844
203/1,Finance leases gross less than one year,0,876
112/1,Motor vehicles - Cost b/fwd,0,9939
29/159,Imported Test Account 0159,0,361038
140/8,Investment property (leased) - exchange differences,3116,0
138/16,Investment in own shares - provision - impairments,14040,0
107/5,Short leasehold - Revaluations,1511,0
116/7,Computer software (leased) - Reversal of impairments,0,2461
8/3,"Amortisation of patents, trademarks and licenses (disallowable)",12989,0
29/126,Imported Test Account 0126,58417,0
170/19,Proposed dividends share type 18,0,84380
134/3,Loans to other participating interests - Repayments,0,76708
117/13,Freehold property (leased) - depreciation - on disposal,0,65898
157/1,Cash in hand,8537,0
200/3,Preference shares - share type 2,127,0
28/11,Imported Test Account 0011,5139,0
194/21,Preference shares - share type 20,0,475313
135/14,Other investments not loans - Listed - Provision written back,2267,0
127/6,Interest in associates - Impairments,0,80441
215/9,Share capital 8,5049,0
212/4,Obligation past service cost,0,8734
109/15,Improvements to property - depreciation - revaluation adjustments,0,1816
115/15,Development costs (leased) - amortisation - revaluation adjustments,5389,0
28/63,Imported Test Account 0063,221,0
66/13,Consultancy fee,4056,0
109/13,Improvements to property - depreciation - on disposal,0,10763
118/18,Short leasehold (leased) - depreciation - exchange differences,8934,0
236/6,Other - Impairments,21137,0
136/15,Other investments not loans - unlisted - provision - revaluation adjustments,0,14441
119/4,Long leasehold (leased) - Grants,28974,0
118/18,Short leasehold (leased) - depreciation - exchange differences,0,13944
147/3,Interest receivable and other income,0,16469
110/17,Plant and machinery - depreciation - reversal of impairments,5164,0
102/4,"Patents, trademarks and licenses - Grants",0,225
66/13,Consultancy fee,9182,0
104/10,Computer software - Reclassification/transfers,0,2648
136/2,Other investments not loans - Unlisted - Additions cost,66645,0
111/12,Fixtures and fittings - Depreciation charge for the Year,12177,0
28/82,Imported Test Account 0082,229,0
28/94,Imported Test Account 0094,0,108
211/32,Pension brought forward,4548,0
47/7,Directors' pension contributions - defined benefit scheme,0,9813
135/14,Other investments not loans - Listed - Provision written back,35867,0
115/10,Development costs (leased) - Reclassification/transfers,4224,0
29/139,Imported Test Account 0139,0,73
116/7,Computer software (leased) - Reversal of impairments,9272,0
120/7,Improvements to property (leased) - Reversal of impairments,0,11142
107/14,Short leasehold - depreciation - charge written back,227,0
116/1,Computer software (leased) - Cost b/fwd,0,8844
23/7,"Profit on sale of patents, trademarks and licenses",1298,0
8/1,Amortisation of intangible fixed assets,13416,0
29/167,Imported Test Account 0167,11165,0
120/14,Improvements to property (leased) - depreciation - charge written back,8507,0
170/19,Proposed dividends share type 18,9338,0
49/3,Temporary staff and recruitment,0,13472
47/15,Directors pension current service costs,0,37894
200/16,Preference shares - share type 15,0,8664
29/182,Imported Test Account 0182,0,12809
138/7,Investment in own shares - Reversal of impairments,0,151
12/1,Vehicles costs,2391,0
68/12,Profit/loss on sale of computer software,0,336782
29/164,Imported Test Account 0164,0,13709
140/14,Investment property (leased) - depreciation - charge written back,96128,0
235/2,Office equipment - Additions cost,58780,0
136/2,Other investments not loans - Unlisted - Additions cost,0,65492
3/1,Purchases,0,1485
39/16,Depreciation of fixtures and fittings,0,14783
236/12,Other - Depreciation charge for the Year,10604,0
114/4,"Patents, trademarks and licenses (leased) - Grants",166,0
59/5,Taxation advisory services,0,1970
119/19,Long leasehold (leased) - depreciation - transfer to ownership,0,12083
12/1,Vehicles costs,0,13429
170/19,Proposed dividends share type 18,56062,0
198/4,Preference shares - share type 3,0,5581
66/15,Subscriptions,0,92476
111/7,Fixtures and fittings - Reversal of impairments,0,2217
16/1,Research and development costs,6875,0
119/15,Long leasehold (leased) - depreciation - revaluation adjustments,0,3557
196/5,Preference shares - share type 4,12517,0
28/52,Imported Test Account 0052,0,13764
29/191,Imported Test Account 0191,0,54166
57/3,Gain/loss on revaluation of tangible assets,58,0
125/14,Shares in Group - Provision written back,85504,0
111/11,Fixtures and fittings - Accumulated depreciation b/fwd,0,2671
170/19,Proposed dividends share type 18,12389,0
171/1,Amounts owed to group undertakings,50934,0
226/9,Non-controlling interest - business combinations,0,10589
44/6,Impairment loss on goodwill,45823,0
4/5,Closing stock - merchandise,0,12252
182/2,Debenture loans - convertible,0,12092
118/10,Short leasehold (leased) - Reclassification/transfers,0,66490
106/10,Freehold property - Reclassification/transfers,7514,0
39/4,Amortisation of development costs (disallowable),0,7293
125/14,Shares in Group - Provision written back,10005,0
211/40,Previously unrecognised surplus deducted from the settlement/curtailment losses,0,86726
22/6,Sundry receipts,19527,0
136/2,Other investments not loans - Unlisted - Additions cost,0,13755
69/4,Associates amounts w/o investments,5637,0
44/8,Impairment loss on development costs,7584,0
8/19,Amortisation of other intangible fixed assets,0,38859
200/9,Preference shares - share type 8,0,6517
235/18,Office equipment - depreciation - exchange differences,11688,0
66/13,Consultancy fee,0,115
134/3,Loans to other participating interests - Repayments,2827,0
10/8,Impairment loss on development costs,6227,0
116/5,Computer software (leased) - Revaluations,3833,0
109/9,Improvements to property - Transfer to ownership,0,4977
116/16,Computer software (leased) - amortisation - impairments,49,0
111/7,Fixtures and fittings - Reversal of impairments,0,32767
129/3,Interest in joint ventures - Disposals cost,0,11663
29/173,Imported Test Account 0173,6598,0
9/2,Profit/loss on sale of goodwill (disallowable),2584,0
153/1,Called up share capital not paid,0,934
14/2,Low-value assets,0,3685
101/18,Goodwill - amortisation - exchange differences,895,0
119/19,Long leasehold (leased) - depreciation - transfer to ownership,0,10926
115/10,Development costs (leased) - Reclassification/transfers,69091,0
133/1,Loans to Joint ventures - Cost b/fwd,13123,0
42/3,Hire of land and building,4641,0
223/5,Transfer to/from profit and loss account,69674,0
210/2,Deferred government grants,6593,0
189/1,Bank loans and overdrafts,0,28136
52/8,Other premises costs,5982,0
119/4,Long leasehold (leased) - Grants,0,78658
28/32,Imported Test Account 0032,9970,0
106/3,Freehold property - Disposals cost,0,54515
105/3,Other - Disposals cost,0,12956
223/5,Transfer to/from profit and loss account,0,8719
49/3,Temporary staff and recruitment,3693,0
29/173,Imported Test Account 0173,222,0
103/8,Development costs - Exchange differences,0,11229
139/19,Investment in Property - Transfer to ownership,0,98647
49/3,Temporary staff and recruitment,0,26206
106/17,Freehold property - depreciation - reversal of impairments,11146,0
205/3,Other leases gross - 1 to 2 years,5156,0
66/19,Accommodation,238351,0
196/6,Preference shares - share type 5,0,4546
123/8,Motor vehicles (leased) - Exchange differences,0,7867
130/10,Interest in joint ventures' goodwill - Reclassification/transfers,0,3894
68/5,Profit/loss on sale of goodwill (disallowable),0,12938
111/7,Fixtures and fittings - Reversal of impairments,0,12625
129/19,Interest in joint ventures - Reclassification/transfers,772,0
66/19,Accommodation,0,43232
200/12,Preference shares - share type 11,0,35701
8/20,Depreciation of office equipment,0,6949
125/12,Shares in Group - Provision for the Year,18822,0
49/3,Temporary staff and recruitment,59910,0
55/6,Impairment loss on goodwill,8191,0
111/15,Fixtures and fittings - depreciation - revaluation adjustments,0,312926
57/4,Gain/loss on revaluation of investments,0,25223
109/18,Improvements to property - depreciation - exchange differences,0,9648
198/14,Preference shares - share type 13,69439,0
154/4,Deposits paid,0,171
136/2,Other investments not loans - Unlisted - Additions cost,0,6888
134/3,Loans to other participating interests - Repayments,150,0
9/5,Profit/loss on sale of computer software (disallowable),4300,0
117/3,Freehold property (leased) - Disposals cost,0,13883
160/4,Bank account 4,0,20452
8/21,Depreciation of other tangible assets,0,3803
29/116,Imported Test Account 0116,14268,0
5/1,Directors' remuneration,23639,0
12/1,Vehicles costs,46501,0
135/13,Other investments not loans - Listed - Eliminated on disposal,14841,0
28/72,Imported Test Account 0072,0,14152
214/6,Prior year adjustment - correction of error,5504,0
224/10,Testing,12954,0
12/1,Vehicles costs,4205,0
52/1,Rates and water,0,12366
210/3,Accrued expenses,0,8741
67/4,Joint ventures/associates goodwill amortisation,3194,0
235/9,Office equipment - Transfer to ownership,42346,0
55/5,Impairment loss on computer software (disallowable),71891,0
28/73,Imported Test Account 0073,10162,0
226/6,Reduction in share capital,5132,0
129/3,Interest in joint ventures - Disposals cost,37286,0
39/16,Depreciation of fixtures and fittings,0,9985
32/3,Net finance income - defined benefit pension scheme,0,78536
211/3,Obligation brought forward,0,491994
24/9,Reversal of impairment losses on computer software,0,3145
139/7,Investment property - reversal of impairments,0,39651
61/4,Motor repairs and servicing,13408,0
108/20,Long leasehold - Reclassification/transfers,65628,0
53/19,Amortisation (intangible fixed assets) - government grants,0,9387
6/4,Bonuses,11973,0
29/126,Imported Test Account 0126,372501,0
216/1,Movement in share cap - non tb,0,3826
28/50,Imported Test Account 0050,6197,0
70/9,Other interest and similar charges,5731,0
119/4,Long leasehold (leased) - Grants,0,3466
170/4,Proposed dividends share type 3,0,13361
223/5,Transfer to/from profit and loss account,0,3478
6/4,Bonuses,4657,0
115/10,Development costs (leased) - Reclassification/transfers,172,0
12/1,Vehicles costs,0,11889
124/3,Computer equipment (leased) - Disposals cost,0,12805
29/159,Imported Test Account 0159,0,10546
28/81,Imported Test Account 0081,0,12115
118/14,Short leasehold (leased) - depreciation - charge written back,0,1046
117/11,Freehold property (leased) - Accumulated depreciation b/fwd,1520,0
69/2,Joint ventures/associates amounts w/o investments,10015,0
68/20,Joint venture profit/loss on sale of fixed asset investments,11928,0
136/1,Other investments not loans - Unlisted - Cost b/fwd,59093,0
121/20,Plant and machinery (leased) - Reclassification/transfers,0,50172
235/9,Office equipment - Transfer to ownership,0,11155
120/18,Improvements to property (leased) - depreciation - exchange differences,0,39134
139/11,Investment property - accumulated depreciation b/fwd,0,8796
218/7,Cash share issue,0,5353
140/15,Investment property (leased) - depreciation - revaluation adjustments,42957,0
122/17,Fixtures and fittings (leased) - depreciation - reversal of impairments,0,201852
47/2,Directors' salaries,13482,0
223/5,Transfer to/from profit and loss account,3967,0
66/1,Insurance,36797,0
194/21,Preference shares - share type 20,0,12285
110/9,Plant and machinery - Transfer to ownership,0,56397
12/1,Vehicles costs,7139,0
29/142,Imported Test Account 0142,9580,0
19/1,CJRS grant,0,10728
106/15,Freehold property - depreciation - revaluation adjustments,348673,0
119/19,Long leasehold (leased) - depreciation - transfer to ownership,9581,0
196/4,Preference shares - share type 3,5488,0
109/14,Improvements to property - depreciation - charge written back,0,862
129/19,Interest in joint ventures - Reclassification/transfers,0,13959
195/1,Other loans,95093,0
206/6,Other leases interest - 4 to 5 years,2287,0
41/3,Variable payments,2941,0
66/8,Implement repairs,0,405637
153/2,Premium on called up share capital not paid,0,243
119/4,Long leasehold (leased) - Grants,1296,0
3/1,Purchases,0,32285
77/1,Extraordinary items,0,16133
106/6,Freehold property - Impairments,0,9169
235/17,Office equipment - depreciation - reversal of impairments,6302,0
226/6,Reduction in share capital,50851,0
120/1,Improvements to property (leased) - Cost b/fwd,13676,0
69/2,Joint ventures/associates amounts w/o investments,45948,0
226/6,Reduction in share capital,163135,0
109/17,Improvements to property - depreciation - reversal of impairments,0,6973
129/17,Interest in joint ventures - provision - reversal of impairments,34292,0
138/7,Investment in own shares - Reversal of impairments,208715,0
108/3,Long leasehold - Disposals cost,0,3501
105/6,Other - Impairments,0,9244
39/13,Depreciation of long leasehold,84128,0
5/12,Directors' remuneration trust expenses,6042,0
133/1,Loans to Joint ventures - Cost b/fwd,4337,0
47/15,Directors pension current service costs,33316,0
103/3,Development costs - Disposals cost,44936,0
170/16,Proposed dividends share type 15,0,43629
119/17,Long leasehold (leased) - depreciation - reversal of impairments,47041,0
103/3,Development costs - Disposals cost,0,12798
151/2,Amounts recoverable on contract,14388,0
211/42,Dbps : actuarial gain/loss in current accounting period,0,4885
45/3,Profit/loss on sale or termination of an operation,0,11305
119/19,Long leasehold (leased) - depreciation - transfer to ownership,4096,0
29/102,Imported Test Account 0102,0,42104
211/16,Obligation actuarial (gains)/lossess from changes in financial assumptions,19283,0
136/14,Other investments not loans - Unlisted - Provision written back,0,554
109/19,Improvements to property - depreciation - transfer to ownership,0,6684
56/1,Administrative expenses - exceptional item,43835,0
68/5,Profit/loss on sale of goodwill (disallowable),58,0
120/3,Improvements to property (leased) - Disposals cost,0,11041
6/4,Bonuses,0,52206
118/19,Short leasehold (leased) - depreciation - transfer to ownership,727,0
226/5,Increase in share capital,5124,0
154/4,Deposits paid,21728,0
29/173,Imported Test Account 0173,13026,0
28/85,Imported Test Account 0085,93636,0
138/7,Investment in own shares - Reversal of impairments,0,341631
28/62,Imported Test Account 0062,84386,0
210/3,Accrued expenses,7692,0
100/1,"Called up share capital not paid, not expressed as current asset",0,14306
200/15,Preference shares - share type 14,8332,0
133/1,Loans to Joint ventures - Cost b/fwd,0,9165
119/9,Long leasehold (leased) - Transfer to ownership,11477,0
109/16,Improvements to property - depreciation - impairments,8,0
55/8,Impairment loss on development costs,0,47730
29/159,Imported Test Account 0159,8595,0
53/11,Depreciation of freehold property,0,13595
47/15,Directors pension current service costs,77329,0
131/1,Interest in others - Cost b/fwd,3168,0
38/4,Other staff-related expenses,5067,0
170/7,Proposed dividends share type 6,0,1133
171/1,Amounts owed to group undertakings,0,4668
106/17,Freehold property - depreciation - reversal of impairments,0,14983
200/3,Preference shares - share type 2,14448,0
47/15,Directors pension current service costs,35971,0
196/17,Preference shares - share type 16,0,4425
111/15,Fixtures and fittings - depreciation - revaluation adjustments,11179,0
61/6,Overseas travel,107,0
192/10,Preference shares - share type 9,0,27317
212/20,Assets expected return,0,8631
45/3,Profit/loss on sale or termination of an operation,496796,0
28/92,Imported Test Account 0092,0,51336
2/2,Opening stock - raw materials,1418,0
220/4,Prior year adjustment - correction of error,10742,0
107/6,Short leasehold - Impairments,0,93
40/10,Warehouse and storage,6570,0
61/1,Vehicle costs,3793,0
51/1,Hire of plant and machinery,46391,0
138/11,Investment in own shares - Provision b/fwd,80618,0
198/15,Preference shares - share type 14,3268,0
104/17,Computer software - amortisation - reversal of impairments,0,13120
69/2,Joint ventures/associates amounts w/o investments,6335,0
37/2,PAYE and NI contributions,14526,0
214/4,Purchase of own shares,0,4959
122/16,Fixtures and fittings (leased) - depreciation - impairments,0,10318
108/15,Long leasehold - Revaluation adjustments,0,13517
119/17,Long leasehold (leased) - depreciation - reversal of impairments,0,87018
200/18,Preference shares - share type 17,4700,0
132/1,Loans to Associates - Cost b/fwd,6469,0
264/8,Share of OCI from joint ventures/associates,42053,0
66/13,Consultancy fee,0,38309
194/21,Preference shares - share type 20,34780,0
154/4,Deposits paid,0,5487
237/1,asda,0,440431
121/5,Plant and machinery (leased) - Revaluations,0,6121
127/13,Interest in associates - provision - on disposal,0,16622
40/1,Packaging,0,4010
223/5,Transfer to/from profit and loss account,0,2194
28/2,Imported Test Account 0002,0,10382
28/3,Imported Test Account 0003,176,0
66/13,Consultancy fee,12888,0
129/3,Interest in joint ventures - Disposals cost,0,5379
111/7,Fixtures and fittings - Reversal of impairments,9964,0
49/1,Staff training,0,65427
35/2,Joint ventures interest receivable,0,7057
106/3,Freehold property - Disposals cost,0,56735
264/8,Share of OCI from joint ventures/associates,5988,0
115/10,Development costs (leased) - Reclassification/transfers,0,2726
111/11,Fixtures and fittings - Accumulated depreciation b/fwd,0,55
29/171,Imported Test Account 0171,14252,0
23/4,Profit on sale of development costs (disallowable),5833,0
10/6,Impairment loss on goodwill,4199,0
165/3,Directors' loan accounts - additions,13369,0
66/20,Tools and equipments,0,6173
66/13,Consultancy fee,5744,0
35/2,Joint ventures interest receivable,0,3946
65/3,Other entertainment,7717,0
214/6,Prior year adjustment - correction of error,0,16
122/2,Fixtures and fittings (leased) - Additions cost,0,35430
114/12,"Patents, trademarks and licenses (leased) - Amortisation charge for the Year",4208,0
236/10,Other - Reclassification/transfers,12527,0
118/8,Short leasehold (leased) - Exchange differences,59549,0
129/7,Interest in joint ventures - Reversal of impairments,0,2832
118/19,Short leasehold (leased) - depreciation - transfer to ownership,0,7377
66/13,Consultancy fee,67,0
138/7,Investment in own shares - Reversal of impairments,0,194587
127/1,Interest in associates - Cost b/fwd,13159,0
29/168,Imported Test Account 0168,0,74711
194/21,Preference shares - share type 20,1199,0
111/11,Fixtures and fittings - Accumulated depreciation b/fwd,4252,0
28/31,Imported Test Account 0031,10754,0
29/173,Imported Test Account 0173,12823,0
119/19,Long leasehold (leased) - depreciation - transfer to ownership,13815,0
219/7,Reduction in share capital,9619,0
101/6,Goodwill - Impairments,0,12376
54/4,Profit/loss on sale of development costs (disallowable),0,44566
118/4,Short leasehold (leased) - Grants,89345,0
68/13,Profit/loss on sale of tangible fixed assets,14571,0
138/5,Investment in own shares - Revaluations,188,0
125/14,Shares in Group - Provision written back,11594,0
68/4,Profit/loss on sale of intangible fixed assets,5088,0
29/130,Imported Test Account 0130,0,8462
117/15,Freehold property (leased) - depreciation - revaluation adjustments,184,0
159/1,"Prepayments and accrued income, not expressed within current asset",0,139750
23/4,Profit on sale of development costs (disallowable),0,14326
109/9,Improvements to property - Transfer to ownership,9117,0
28/17,Imported Test Account 0017,9887,0
59/4,Taxation compliance services,0,47160
110/11,Plant and machinery - Accumulated depreciation b/fwd,88421,0
29/159,Imported Test Account 0159,2967,0
114/14,"Patents, trademarks and licenses (leased) - amortisation - charge written back",0,28807
5/5,Directors' commission,81676,0
49/3,Temporary staff and recruitment,0,20320
66/19,Accommodation,61728,0
39/16,Depreciation of fixtures and fittings,4539,0
11/2,Building rent,0,8996
194/21,Preference shares - share type 20,0,12186
129/19,Interest in joint ventures - Reclassification/transfers,10635,0
116/7,Computer software (leased) - Reversal of impairments,0,20262
129/19,Interest in joint ventures - Reclassification/transfers,9813,0
116/7,Computer software (leased) - Reversal of impairments,7193,0
198/18,Preference shares - share type 17,4331,0
221/1,Preference share premium balance b/fwd,0,488947
5/12,Directors' remuneration trust expenses,0,42597
235/16,Office equipment - depreciation - impairments,50511,0
6/4,Bonuses,2848,0
137/1,Other loans - Unlisted - Cost b/fwd,12309,0
119/19,Long leasehold (leased) - depreciation - transfer to ownership,4690,0
13/1,Sub contractors,14536,0
39/16,Depreciation of fixtures and fittings,0,9819
210/2,Deferred government grants,0,479111
112/17,Motor vehicles - depreciation - reversal of impairments,0,11115
10/7,"Impairment loss on patents, trademarks and licenses",0,6068
136/2,Other investments not loans - Unlisted - Additions cost,0,299920
29/159,Imported Test Account 0159,0,7126
235/16,Office equipment - depreciation - impairments,43267,0
165/4,Directors' loan accounts - repayments,9177,0
138/12,Investment in own shares - Provision for the Year,3503,0
29/196,Imported Test Account 0196,0,4656
215/10,Share capital 9,0,55281
226/6,Reduction in share capital,1938,0
206/5,Other leases interest - 3 to 4 years,0,11642
128/3,Interest in associates' goodwill - Disposals cost,8917,0
116/7,Computer software (leased) - Reversal of impairments,147,0
28/13,Imported Test Account 0013,0,12038
19/3,Other coronavirus related grants,5882,0
68/1,Exceptional items,57881,0
113/9,Computer equipment - Transfer to ownership,0,3314
54/9,Profit/loss on sale of computer software,0,12686
29/126,Imported Test Account 0126,10092,0
29/192,Imported Test Account 0192,13925,0
211/4,Obligation current service cost,139,0
128/11,Interest in associates' goodwill - Provision b/fwd,0,219213
194/1,Preference shares,0,5757
49/3,Temporary staff and recruitment,0,9858
69/2,Joint ventures/associates amounts w/o investments,0,68071
202/6,Hire purchase interest - 4 to 5 years,727,0
113/2,Computer equipment - Additions cost,0,2128
81/3,Associates deferred tax,12280,0
47/15,Directors pension current service costs,0,7856
61/4,Motor repairs and servicing,1515,0
207/5,Deferred tax,449419,0
28/32,Imported Test Account 0032,168320,0
135/16,Other investments not loans - listed - provision - impairments,0,83216
235/10,Office equipment - Reclassification/transfers,0,11704
135/15,Other investments not loans - listed - provision - revaluation adjustments,13693,0
28/52,Imported Test Account 0052,0,14589
105/4,Other - Grants,9395,0
68/15,Joint ventures/associates exceptional items,2722,0
174/9,Intragroup interest payable,7792,0
133/5,Loans to Joint ventures - Aggregate amount W/Off,0,10952
41/3,Variable payments,0,91271
29/179,Imported Test Account 0179,0,9950
12/1,Vehicles costs,24219,0
168/1,VAT control account,0,9760
116/13,Computer software (leased) - amortisation - on disposal,0,1094
60/9,Companies House penalties,391890,0
32/2,Loan interest,0,212
130/12,Interest in joint ventures' goodwill - Provision for the Year,0,1014
28/52,Imported Test Account 0052,154887,0
136/1,Other investments not loans - Unlisted - Cost b/fwd,0,7858
29/129,Imported Test Account 0129,0,3291
136/2,Other investments not loans - Unlisted - Additions cost,12919,0
10/5,Impairment loss on computer software (disallowable),0,41319
68/5,Profit/loss on sale of goodwill (disallowable),0,67639
118/1,Short leasehold (leased) - Cost b/fwd,57215,0
138/1,Investment in own shares - Cost b/fwd,4206,0
55/2,Impairment loss on goodwill (disallowable),50327,0
28/53,Imported Test Account 0053,0,7934
68/5,Profit/loss on sale of goodwill (disallowable),12249,0
3/1,Purchases,0,6383
59/4,Taxation compliance services,0,718
235/9,Office equipment - Transfer to ownership,11363,0
4/6,Closing stock - production supplies,8787,0
198/14,Preference shares - share type 13,452670,0
11/7,Cleaning of premises,185166,0
194/23,Other issues,6950,0
131/5,Interest in others - Revaluations,4616,0
111/11,Fixtures and fittings - Accumulated depreciation b/fwd,34923,0
115/10,Development costs (leased) - Reclassification/transfers,6830,0
223/5,Transfer to/from profit and loss account,0,12713
125/18,Shares in group - provision - exchange differences,103109,0
29/176,Imported Test Account 0176,219712,0
124/10,Computer equipment (leased) - Reclassification/transfers,9755,0
118/19,Short leasehold (leased) - depreciation - transfer to ownership,1624,0
114/17,"Patents, trademarks and licenses (leased) - amortisation - reversal of impairments",169,0
119/19,Long leasehold (leased) - depreciation - transfer to ownership,12960,0
264/8,Share of OCI from joint ventures/associates,0,52
36/5,Directors' commission,11993,0
135/15,Other investments not loans - listed - provision - revaluation adjustments,0,8016
103/3,Development costs - Disposals cost,171,0
36/14,Other directors related costs,5248,0
70/13,Factoring charges,0,5783
44/5,Impairment loss on computer software (disallowable),2852,0
17/3,Gain/loss on revaluation of tangible assets,42306,0
28/91,Imported Test Account 0091,13734,0
264/1,Other comprehensive income b/fwd,0,67947
139/10,Investment in Property - Reclassification/transfers,0,494607
5/12,Directors' remuneration trust expenses,70098,0
217/2,Issue of new preference share capital at par,9887,0
133/1,Loans to Joint ventures - Cost b/fwd,63116,0
204/7,Finance leases interest more than 5 years,0,7285
12/1,Vehicles costs,9421,0
116/7,Computer software (leased) - Reversal of impairments,0,59504
23/4,Profit on sale of development costs (disallowable),0,15553
45/3,Profit/loss on sale or termination of an operation,0,6255
111/14,Fixtures and fittings - depreciation - charge written back,7347,0
107/16,Short leasehold - depreciation - impairments,48499,0
55/6,Impairment loss on goodwill,8017,0
140/17,Investment property (leased) - depreciation - reversal of impairments,8000,0
35/1,Joint ventures/associates interest receivable,582,0
38/1,Staff training,126401,0
194/21,Preference shares - share type 20,0,1041
68/16,Joint venture profits/loss on the sale of operations,29502,0
124/8,Computer equipment (leased) - Exchange differences,13484,0
104/16,Computer software - amortisation - impairments,0,2387
40/7,Advertising and marketing,10447,0
136/13,Other investments not loans - unlisted - provision - on disposal,0,1689
28/52,Imported Test Account 0052,0,221
205/4,Other leases gross - 2 to 3 years,0,3775
110/6,Plant and machinery - Impairments,2303,0
129/19,Interest in joint ventures - Reclassification/transfers,0,5829
134/3,Loans to other participating interests - Repayments,5582,0
10/5,Impairment loss on computer software (disallowable),9833,0
49/3,Temporary staff and recruitment,58697,0
134/2,Loans to other participating interests - New loans,3729,0
111/15,Fixtures and fittings - depreciation - revaluation adjustments,8497,0
131/12,Interest in others - Provision for the Year,0,45632
127/10,Interest in associates - Reclassification/transfers,0,24660
70/7,Operating lease: equipment,14710,0
116/18,Computer software (leased) - amortisation - exchange differences,334045,0
123/2,Motor vehicles (leased) - Additions cost,0,116428
29/120,Imported Test Account 0120,11565,0
41/3,Variable payments,0,90098
106/17,Freehold property - depreciation - reversal of impairments,0,18253
104/2,Computer software - additions cost (external),0,1423
7/6,Travel and subsistence,3004,0
216/2,Increase in share capital,27687,0
111/7,Fixtures and fittings - Reversal of impairments,10053,0
28/60,Imported Test Account 0060,8906,0
5/8,Directors' pension contributions - defined contribution plan,95139,0
120/6,Improvements to property (leased) - Impairments,0,94096
122/7,Fixtures and fittings (leased) - Reversal of impairments,0,5595
198/2,Preference shares - share type 1,0,7883
184/1,Debenture loans,0,80571
185/1,Debenture loans,0,2883
119/18,Long leasehold (leased) - depreciation - exchange differences,29376,0
53/13,Depreciation of long leasehold,3013,0
218/5,Purchase of own shares,6956,0
125/14,Shares in Group - Provision written back,1116,0
116/7,Computer software (leased) - Reversal of impairments,0,52901
264/12,Gain/(loss) on cash flow hedges,0,10833
66/13,Consultancy fee,99506,0
161/1,Amounts owed by/to group undertakings,45723,0
112/3,Motor vehicles - Disposals cost,41446,0
238/1,asd,0,245
55/6,Impairment loss on goodwill,156,0
223/5,Transfer to/from profit and loss account,26092,0
33/1,Current asset investment income,314020,0
122/18,Fixtures and fittings (leased) - depreciation - exchange differences,10706,0
201/7,Hire purchase gross more than 5 years,0,42324
114/2,"Patents, trademarks and licenses (leased) - additions cost (external)",0,77365
28/56,Imported Test Account 0056,8468,0
23/2,Profit on sale of goodwill (disallowable),0,4663
118/2,Short leasehold (leased) - Additions cost,243961,0
28/62,Imported Test Account 0062,0,2393
136/1,Other investments not loans - Unlisted - Cost b/fwd,0,88807
45/3,Profit/loss on sale or termination of an operation,7062,0
227/7,Prior year adjustment - correction of error,7453,0
112/5,Motor vehicles - Revaluations,0,12919
127/8,Interest in associates - Exchange differences,1067,0
194/8,Preference shares - share type 7,49063,0
40/2,Freight and haulage,0,11204
21/2,Other operating income - exceptional item,0,14347
111/12,Fixtures and fittings - Depreciation charge for the Year,47284,0
4/5,Closing stock - merchandise,10478,0
106/2,Freehold property - Additions cost,0,39459
104/6,Computer software - Impairments,67378,0
12/1,Vehicles costs,15257,0
154/4,Deposits paid,14693,0
129/16,Interest in joint ventures - provision - impairments,53975,0
111/7,Fixtures and fittings - Reversal of impairments,0,2171
41/3,Variable payments,0,97751
223/5,Transfer to/from profit and loss account,0,37956
61/2,Vehicle fuel,0,9769
113/16,Computer equipment - depreciation - impairments,3955,0
7/4,Other staff-related expenses,40478,0
51/2,Other operating leases,0,14807
119/4,Long leasehold (leased) - Grants,1573,0
109/9,Improvements to property - Transfer to ownership,3998,0
28/52,Imported Test Account 0052,13843,0
29/184,Imported Test Account 0184,4772,0
1/1,Sales,2595,0
105/15,Other - amortisation - revaluation adjustments,0,383873
28/52,Imported Test Account 0052,0,4362
101/6,Goodwill - Impairments,31589,0
28/38,Imported Test Account 0038,47841,0
111/7,Fixtures and fittings - Reversal of impairments,5520,0
110/18,Plant and machinery - depreciation - exchange differences,34262,0
49/1,Staff training,7721,0
45/3,Profit/loss on sale or termination of an operation,12318,0
106/17,Freehold property - depreciation - reversal of impairments,0,77001
12/1,Vehicles costs,10280,0
29/173,Imported Test Account 0173,0,157
132/2,Loans to Associates - New loans,6125,0
111/10,Fixtures and fittings - Reclassification/transfers,0,168
125/19,Shares in Group - Reclassification/transfers,0,26150
136/6,Other investments not loans - Unlisted - Impairments,10416,0
124/2,Computer equipment (leased) - Additions cost,6131,0
138/7,Investment in own shares - Reversal of impairments,13081,0
39/2,Amortisation of goodwill (disallowable),0,4934
119/13,Long leasehold (leased) - depreciation - on disposal,0,70811
29/144,Imported Test Account 0144,0,6593
211/29,Assets other remeasurement,0,4998
116/10,Computer software (leased) - Reclassification/transfers,9564,0
223/4,Purchase of own shares (equity),0,14456
124/18,Computer equipment (leased) - depreciation - exchange differences,0,14277
135/5,Other investments not loans - Listed - Revaluations,0,21761
15/2,Other operating leases,0,6609
49/3,Temporary staff and recruitment,11667,0
102/9,"Patents, trademarks and licenses - Transfer to ownership",0,92
34/1,Interest receivable - exceptional item,0,20480
134/3,Loans to other participating interests - Repayments,8263,0
211/6,Obligation contributions by employer,0,84177
29/173,Imported Test Account 0173,0,19266
29/131,Imported Test Account 0131,9122,0
54/2,Profit/loss on sale of goodwill (disallowable),93751,0
218/10,Equity dividend paid,11867,0
136/1,Other investments not loans - Unlisted - Cost b/fwd,39273,0
136/1,Other investments not loans - Unlisted - Cost b/fwd,12524,0
108/16,Long leasehold - Impairments,68929,0
170/13,Proposed dividends share type 12,0,15632
196/19,Preference shares - share type 18,53436,0
66/13,Consultancy fee,6834,0
198/9,Preference shares - share type 8,0,256829
5/10,Directors' compensation for loss of office,78,0
29/160,Imported Test Account 0160,0,1616
119/4,Long leasehold (leased) - Grants,0,78785
138/7,Investment in own shares - Reversal of impairments,426426,0
73/1,UK corporation tax,0,241
68/24,Associates profit/loss on sale of tangible fixed assets,14853,0
116/7,Computer software (leased) - Reversal of impairments,8278,0
127/5,Interest in associates - Revaluations,2995,0
192/20,Preference shares - share type 19,0,110
149/4,Accrued interest receivable,0,26751
47/12,Directors' remuneration trust expenses,0,63028
12/1,Vehicles costs,18249,0
224/4,Purchase of own shares,3544,0
60/4,Legal and professional fees (disallowable),0,11522
117/12,Freehold property (leased) - Depreciation charge for the Year,0,36464
112/4,Motor vehicles - Grants,0,315147
139/2,Investment property - additions cost,11060,0
102/10,"Patents, trademarks and licenses - Reclassification/transfers",0,13739
136/1,Other investments not loans - Unlisted - Cost b/fwd,0,2005
44/7,"Impairment loss on patents, trademarks and licenses",2480,0
129/13,Interest in joint ventures - provision - on disposal,967,0
109/10,Improvements to property - Reclassification/transfers,0,87726
71/2,Joint ventures interest payable and similar charges,0,4585
29/131,Imported Test Account 0131,8948,0
197/1,Other loans,0,6393
15/1,Hire of plant and machinery,4805,0
29/159,Imported Test Account 0159,0,14136
125/14,Shares in Group - Provision written back,0,129653
52/4,Property insurance,0,3615
164/4,Directors' current accounts - repayments,0,14116
28/48,Imported Test Account 0048,0,73129
211/10,Obligation benefits paid,0,202399
211/35,Past service costs,0,4900
84/1,Prior year adjustment,10269,0
127/6,Interest in associates - Impairments,31286,0
119/5,Long leasehold (leased) - Revaluations,59,0
121/10,Plant and machinery (leased) - Reclassification/transfers,248,0
135/19,Other investments not loans - Listed - Reclassification/transfers,8306,0
5/12,Directors' remuneration trust expenses,5835,0
115/2,Development costs (leased) - additions cost (external),0,5177
111/11,Fixtures and fittings - Accumulated depreciation b/fwd,0,6010
264/14,Deferred tax movement on OCI (reclassifiable),4465,0
28/74,Imported Test Account 0074,81973,0
108/13,Long leasehold - Eliminated on disposal,40508,0
102/19,"Patents, trademarks and licenses - amortisation - transfer to ownership",5309,0
138/1,Investment in own shares - Cost b/fwd,47,0
116/2,Computer software (leased) - additions cost (external),0,28111
29/159,Imported Test Account 0159,3871,0
194/23,Other issues,0,64115
42/2,Other operating leases,14254,0
140/1,Investment property (leased) - cost b/fwd,1697,0
29/159,Imported Test Account 0159,0,14488
110/3,Plant and machinery - Disposals cost,0,68475
29/188,Imported Test Account 0188,0,924
52/2,Rent,0,6331
28/45,Imported Test Account 0045,0,11722
218/11,Equity dividends proposed,6521,0
136/4,Other investments not loans - Unlisted - Share of profit/loss,532,0
47/15,Directors pension current service costs,92269,0
198/14,Preference shares - share type 13,5559,0
125/14,Shares in Group - Provision written back,0,2127
103/8,Development costs - Exchange differences,41956,0
111/7,Fixtures and fittings - Reversal of impairments,0,12067
123/12,Motor vehicles (leased) - Depreciation charge for the Year,2858,0
59/4,Taxation compliance services,192,0
194/13,Preference shares - share type 12,8583,0
117/8,Freehold property (leased) - Exchange differences,0,12652
53/7,"Amortisation of patents, trademarks and licenses",0,4816
106/19,Freehold property - depreciation - transfer to ownership,51470,0
212/17,Assets fair value of scheme assets,74024,0
68/18,Joint venture profit/loss on sale of intangible fixed assets,0,13277
53/20,Amortisation of other intangible fixed assets,14206,0
102/1,"Patents, trademarks and licenses - Cost b/fwd",0,31
130/19,Interest in joint ventures' goodwill - Reclassification/transfers,39392,0
101/6,Goodwill - Impairments,19763,0
111/7,Fixtures and fittings - Reversal of impairments,5127,0
29/193,Imported Test Account 0193,0,5760
143/1,Finished goods,12710,0
264/1,Other comprehensive income b/fwd,5926,0
235/1,Office equipment - Cost b/fwd,0,3648
29/173,Imported Test Account 0173,10809,0
196/2,Preference shares - share type 1,5772,0
28/52,Imported Test Account 0052,94711,0
198/10,Preference shares - share type 9,0,42057
28/79,Imported Test Account 0079,22972,0
28/52,Imported Test Account 0052,86027,0
114/8,"Patents, trademarks and licenses (leased) - Exchange differences",0,4921
196/16,Preference shares - share type 15,0,35014
140/6,Investment property (leased) - impairments,0,1052
28/66,Imported Test Account 0066,93367,0
29/159,Imported Test Account 0159,10785,0
127/17,Interest in associates - provision - reversal of impairments,0,3527
105/4,Other - Grants,0,41473
196/1,Preference shares,0,1525
12/3,Warehouse and storage,0,289942
212/22,Assets benefits paid,0,139681
118/18,Short leasehold (leased) - depreciation - exchange differences,2402,0
28/52,Imported Test Account 0052,0,3182
130/16,Interest in joint ventures' goodwill - Impairments,0,3548
211/10,Obligation benefits paid,0,8117
121/7,Plant and machinery (leased) - Reversal of impairments,0,4135
140/13,Investment property (leased) - depreciation - on disposal,12304,0
110/5,Plant and machinery - Revaluations,40705,0
29/126,Imported Test Account 0126,0,143
212/9,Obligation benefits paid,46,0
125/14,Shares in Group - Provision written back,0,1362
106/18,Freehold property - depreciation - exchange differences,0,29229
127/12,Interest in associates - Provision for the Year,3455,0
136/5,Other investments not loans - Unlisted - Revaluations,0,59175
120/3,Improvements to property (leased) - Disposals cost,246,0
24/9,Reversal of impairment losses on computer software,0,14739
102/19,"Patents, trademarks and licenses - amortisation - transfer to ownership",93771,0
264/1,Other comprehensive income b/fwd,0,97859
6/4,Bonuses,0,79738
49/3,Temporary staff and recruitment,0,98912
63/2,Political donations,0,30442
152/3,Non returnable deposits,0,8776
163/2,Amounts owed by/to participating interests,0,47807
28/66,Imported Test Account 0066,8383,0
116/7,Computer software (leased) - Reversal of impairments,66377,0
199/1,Other loans,0,99639
118/7,Short leasehold (leased) - Reversal of impairments,8393,0
264/1,Other comprehensive income b/fwd,48713,0
235/9,Office equipment - Transfer to ownership,0,7778
103/1,Development costs - Cost b/fwd,0,9305
138/7,Investment in own shares - Reversal of impairments,2929,0
211/13,Obligation curtailments,0,2395
125/15,Shares in group - provision - revaluation adjustments,0,10251
115/18,Development costs (leased) - amortisation - exchange differences,12455,0
112/19,Motor vehicles - depreciation - transfer to ownership,0,56058
106/3,Freehold property - Disposals cost,62184,0
116/1,Computer software (leased) - Cost b/fwd,0,10869
210/3,Accrued expenses,0,10378
111/17,Fixtures and fittings - depreciation - reversal of impairments,11065,0
151/4,Amounts receivable in respect of hire purchase contracts,9932,0
102/18,"Patents, trademarks and licenses - amortisation - exchange differences",0,3871
116/17,Computer software (leased) - amortisation - reversal of impairments,0,14961
115/10,Development costs (leased) - Reclassification/transfers,0,2361
28/52,Imported Test Account 0052,14962,0
47/9,Directors' pensions contributions,5321,0
121/16,Plant and machinery (leased) - depreciation - impairments,0,8405
170/19,Proposed dividends share type 18,0,5216
118/19,Short leasehold (leased) - depreciation - transfer to ownership,0,11244
68/5,Profit/loss on sale of goodwill (disallowable),0,1012
50/1,Short-term lease,9790,0
114/5,"Patents, trademarks and licenses (leased) - Revaluations",35421,0
212/30,Health benefits - deferred tax,2284,0
111/11,Fixtures and fittings - Accumulated depreciation b/fwd,0,1318
124/20,Computer equipment (leased) - Reclassification/transfers,12053,0
5/7,Directors' pension contributions - defined benefit scheme,7051,0
129/3,Interest in joint ventures - Disposals cost,0,165943
12/1,Vehicles costs,16622,0
47/15,Directors pension current service costs,0,13953
136/16,Other investments not loans - unlisted - provision - impairments,5123,0
6/6,Share-based payments,0,4236
125/14,Shares in Group - Provision written back,12246,0
59/4,Taxation compliance services,0,14050
40/3,Courier service,40604,0
192/19,Preference shares - share type 18,8050,0
136/1,Other investments not loans - Unlisted - Cost b/fwd,0,2500
22/3,Commissions received,0,4527
63/1,Charitable donations,0,10845
211/3,Obligation brought forward,6744,0
264/3,Pension surplus not recognised,0,5302
47/15,Directors pension current service costs,0,31562
9/2,Profit/loss on sale of goodwill (disallowable),0,11876
170/19,Proposed dividends share type 18,5484,0
48/7,Remuneration trust expenses,6324,0
102/19,"Patents, trademarks and licenses - amortisation - transfer to ownership",0,11318
106/5,Freehold property - Revaluations,87585,0
66/9,Cleaning,10520,0
113/18,Computer equipment - depreciation - exchange differences,74896,0
28/52,Imported Test Account 0052,9523,0
115/10,Development costs (leased) - Reclassification/transfers,8987,0
114/20,"Patents, trademarks and licenses (leased) - Reclassification/transfers",0,1577
117/6,Freehold property (leased) - Impairments,29849,0
22/1,Rents received (Property income),0,10223
28/34,Imported Test Account 0034,262205,0
106/17,Freehold property - depreciation - reversal of impairments,7791,0
13/4,Other direct costs,0,54449
175/2,Bills of exchange payable,0,12797
117/1,Freehold property (leased) - Cost b/fwd,8123,0
211/9,Obligation actuarial losses/(gains),98047,0
120/18,Improvements to property (leased) - depreciation - exchange differences,0,1219
192/9,Preference shares - share type 8,0,31549
135/16,Other investments not loans - listed - provision - impairments,0,7954
170/20,Proposed dividends share type 19,0,55333
28/86,Imported Test Account 0086,0,1811
107/10,Short leasehold - Reclassification/transfers,13353,0
211/15,Obligation actuarial (gains)/lossess from changes in demographic assumptions,0,344427
194/21,Preference shares - share type 20,21305,0
28/35,Imported Test Account 0035,2054,0
128/14,Interest in associates' goodwill - Provision written back,63794,0
28/27,Imported Test Account 0027,12992,0
114/7,"Patents, trademarks and licenses (leased) - Reversal of impairments",0,9812
123/18,Motor vehicles (leased) - depreciation - exchange differences,0,47649
28/59,Imported Test Account 0059,7916,0
102/9,"Patents, trademarks and licenses - Transfer to ownership",132738,0
129/3,Interest in joint ventures - Disposals cost,0,744
188/1,Bank loans and overdrafts,12619,0
141/2,Stocks,46996,0
44/10,Impairment loss on tangible fixed assets,13857,0
66/13,Consultancy fee,0,4923
172/4,Advance received,1564,0
113/19,Computer equipment - depreciation - transfer to ownership,11660,0
66/13,Consultancy fee,6580,0
11/5,Property repairs and maintenance,0,7845
207/5,Deferred tax,8854,0
264/1,Other comprehensive income b/fwd,14748,0
28/66,Imported Test Account 0066,5016,0
72/5,Associates other finance income/costs,7725,0
211/10,Obligation benefits paid,0,9356
119/4,Long leasehold (leased) - Grants,49028,0
174/1,Other creditors,0,352843
3/2,Own work capitalised,0,32845
39/10,Depreciation of tangible fixed assets,0,14799
128/16,Interest in associates' goodwill - Impairments,13014,0
28/55,Imported Test Account 0055,14338,0
110/7,Plant and machinery - Reversal of impairments,0,471210
120/7,Improvements to property (leased) - Reversal of impairments,0,6634
198/17,Preference shares - share type 16,0,3377
68/20,Joint venture profit/loss on sale of fixed asset investments,11380,0
6/3,Staff pension contribution- defined benefit scheme,7063,0
104/14,Computer software - amortisation - charge written back,18,0
11/6,Other repairs and maintenance,0,162
212/26,Assets settlements,14483,0
198/7,Preference shares - share type 6,0,12127
5/12,Directors' remuneration trust expenses,2658,0
211/10,Obligation benefits paid,7655,0
136/1,Other investments not loans - Unlisted - Cost b/fwd,0,2840
130/5,Interest in joint ventures' goodwill - Revaluations,0,81697
264/7,Unrealised (deficit)/surplus on impairment of tangible fixed assets,63761,0
147/5,Paypoint control account,0,51557
235/16,Office equipment - depreciation - impairments,419356,0
8/13,Depreciation of long leasehold,0,45568
1/5,Export sales,0,37
66/13,Consultancy fee,0,5761
138/7,Investment in own shares - Reversal of impairments,1974,0
216/3,Reduction in share capital,2460,0
24/9,Reversal of impairment losses on computer software,0,71078
125/14,Shares in Group - Provision written back,88639,0
28/30,Imported Test Account 0030,0,106
124/9,Computer equipment (leased) - transfer to ownership,0,12867
129/3,Interest in joint ventures - Disposals cost,0,7600
119/4,Long leasehold (leased) - Grants,0,49
210/3,Accrued expenses,12041,0
102/16,"Patents, trademarks and licenses - amotisation - impairments",56350,0
136/1,Other investments not loans - Unlisted - Cost b/fwd,0,4865
212/25,Assets curtailments,0,13657
102/9,"Patents, trademarks and licenses - Transfer to ownership",0,4511
179/5,Payments received on account,9117,0
118/18,Short leasehold (leased) - depreciation - exchange differences,0,6440
118/19,Short leasehold (leased) - depreciation - transfer to ownership,418403,0
115/10,Development costs (leased) - Reclassification/transfers,0,35781
125/14,Shares in Group - Provision written back,10083,0
124/10,Computer equipment (leased) - Reclassification/transfers,4356,0
4/1,Closing stock,348263,0
107/16,Short leasehold - depreciation - impairments,3567,0
122/15,Fixtures and fittings (leased) - depreciation - revaluation adjustments,0,59080
8/9,Amortisation of computer software,0,25773
145/1,Long term contracts - net cost less foreseeable loss,9160,0
140/20,Investment in Property - Lease reclassification/transfers,7149,0
202/4,Hire purchase interest - 2 to 3 years,3998,0
102/19,"Patents, trademarks and licenses - amortisation - transfer to ownership",0,82224
135/18,Other investments not loans - listed - provision - exchange differences,22078,0
2/6,Opening stock - production supplies,13455,0
36/13,Payment to third parties for director's services,0,5413
226/6,Reduction in share capital,0,7080
222/7,Deferred tax provided on revaluation,9335,0
170/15,Proposed dividends share type 14,6667,0
10/5,Impairment loss on computer software (disallowable),0,11843
118/18,Short leasehold (leased) - depreciation - exchange differences,0,11748
194/1,Preference shares,0,11732
124/17,Computer equipment (leased) - depreciation - reversal of impairments,82396,0
116/6,Computer software (leased) - Impairments,70940,0
120/18,Improvements to property (leased) - depreciation - exchange differences,0,41805
125/4,Shares in Group - Grants,0,14040
112/11,Motor vehicles - Accumulated depreciation b/fwd,0,99841
218/2,Profit and loss account b/fwd,71703,0
39/12,Depreciation of short leasehold,0,5026
222/12,Cash share issue,0,83544
212/28,Assets other remeasurement,0,4268
4/5,Closing stock - merchandise,0,45103
223/5,Transfer to/from profit and loss account,0,26103
68/5,Profit/loss on sale of goodwill (disallowable),0,858
194/21,Preference shares - share type 20,0,7949
107/2,Short leasehold - Additions cost,0,6638
68/5,Profit/loss on sale of goodwill (disallowable),0,78189
119/10,Long leasehold (leased) - Reclassification/transfers,11725,0
103/3,Development costs - Disposals cost,250,0
6/5,Redundancy costs,76916,0
113/8,Computer equipment - Exchange differences,95196,0
68/2,Profits/loss on the sale of operations,0,29162
50/3,Variable payments,0,70050
39/14,Depreciation of improvements to property,8590,0
194/2,Preference shares - share type 1,0,12940
59/7,Other assurance services,0,88720
41/3,Variable payments,0,6014
207/5,Deferred tax,2518,0
211/36,Other finance income,0,9811
114/11,"Patents, trademarks and licenses (leased) - Accumulated Amortisation b/fwd",0,14751
129/12,Interest in joint ventures - Provision for the Year,65,0
116/1,Computer software (leased) - Cost b/fwd,44,0
168/1,VAT control account,0,21934
140/10,Investment in Property - Lease reclassification/transfers,141,0
39/4,Amortisation of development costs (disallowable),236114,0
54/7,"Profit/loss on sale of patents, trademarks and licenses",0,5580
127/6,Interest in associates - Impairments,44222,0
121/18,Plant and machinery (leased) - depreciation - exchange differences,0,1979
194/23,Other issues,2493,0
39/9,Amortisation of computer software,463727,0
28/52,Imported Test Account 0052,1122,0
264/1,Other comprehensive income b/fwd,0,4533
214/5,Other equity share capital,0,3987
200/3,Preference shares - share type 2,9193,0
264/1,Other comprehensive income b/fwd,3803,0
191/1,Other loans,50336,0
125/12,Shares in Group - Provision for the Year,6530,0
114/13,"Patents, trademarks and licenses (leased) - amortisation - on disposal",12706,0
23/6,Profit on sale of goodwill,0,5753
104/19,Computer software - amortisation - transfer to ownership,3293,0
109/9,Improvements to property - Transfer to ownership,2846,0
125/9,Shares in Group - Dividends received,478246,0
28/9,Imported Test Account 0009,6174,0
168/1,VAT control account,0,71565
192/15,Preference shares - share type 14,12636,0
28/83,Imported Test Account 0083,5352,0
127/6,Interest in associates - Impairments,0,13882
134/2,Loans to other participating interests - New loans,38543,0
170/17,Proposed dividends share type 16,0,8135
118/19,Short leasehold (leased) - depreciation - transfer to ownership,14534,0
48/3,Pension contributions,707,0
41/3,Variable payments,0,175
136/3,Other investments not loans - Unlisted - Disposals cost,0,1160
119/17,Long leasehold (leased) - depreciation - reversal of impairments,0,460567
139/17,Investment property - depreciation - reversal of impairments,4663,0
126/4,Loans to Group - Revaluations,256307,0
139/1,Investment property - cost b/fwd,0,59695
36/12,Directors' remuneration trust expenses,5546,0
118/18,Short leasehold (leased) - depreciation - exchange differences,0,9786
140/1,Investment property (leased) - cost b/fwd,0,1840
122/5,Fixtures and fittings (leased) - Revaluations,67916,0
134/4,Loans to other participating interests - Revaluations,0,33
120/9,Improvements to property (leased) - Transfer to ownership,3001,0
194/14,Preference shares - share type 13,0,324251
28/8,Imported Test Account 0008,1275,0
144/1,Payments on account,41027,0
198/5,Preference shares - share type 4,2543,0
182/1,Debenture loans,0,73
29/156,Imported Test Account 0156,0,8752
39/1,Amortisation of intangible fixed assets,0,70856
119/19,Long leasehold (leased) - depreciation - transfer to ownership,11721,0
167/1,Corporation tax,194198,0
264/8,Share of OCI from joint ventures/associates,14269,0
55/6,Impairment loss on goodwill,0,9335
68/7,Profit/loss on sale of development costs (disallowable),0,18963
47/15,Directors pension current service costs,0,9687
236/3,Other - Disposals cost,0,5100
107/7,Short leasehold - Reversal of impairments,29255,0
227/3,Exercise of options during the year,56509,0
39/20,Depreciation of office equipment,0,1483
121/14,Plant and machinery (leased) - depreciation - charge written back,5809,0
218/8,Increase in share capital,224,0
120/11,Improvements to property (leased) - Accumulated depreciation b/fwd,0,12326
42/1,Hire of plant and machinery,0,10770
117/17,Freehold property (leased) - depreciation - reversal of impairments,0,41619
121/11,Plant and machinery (leased) - Accumulated depreciation b/fwd,2124,0
29/159,Imported Test Account 0159,0,67483
28/52,Imported Test Account 0052,6093,0
194/21,Preference shares - share type 20,13725,0
154/4,Deposits paid,10817,0
29/186,Imported Test Account 0186,0,22249
156/7,Investment in own shares - Additions cost,7880,0
110/5,Plant and machinery - Revaluations,0,10115
212/18,Assets contributions by employer,0,91
115/10,Development costs (leased) - Reclassification/transfers,89804,0
116/7,Computer software (leased) - Reversal of impairments,5776,0
160/3,Bank account 3,3468,0
1/14,Sales extra,0,12696
124/5,Computer equipment (leased) - Revaluations,228721,0
204/6,Finance leases interest - 4 to 5 years,64092,0
103/8,Development costs - Exchange differences,0,2042
1/7,EU services,0,2593
129/3,Interest in joint ventures - Disposals cost,0,56927
103/3,Development costs - Disposals cost,10772,0
109/9,Improvements to property - Transfer to ownership,4952,0
68/6,"Profit/loss on sale of patents, trademarks and licenses (disallowable)",0,5192
194/5,Preference shares - share type 4,0,12782
59/4,Taxation compliance services,1380,0
11/1,Plant hire,10099,0
120/18,Improvements to property (leased) - depreciation - exchange differences,5001,0
108/17,Long leasehold - Reversal of impairments,3028,0
29/133,Imported Test Account 0133,0,674
55/6,Impairment loss on goodwill,5494,0
5/12,Directors' remuneration trust expenses,9759,0
47/15,Directors pension current service costs,11334,0
28/66,Imported Test Account 0066,0,20054
103/17,Development costs - amortisation - reversal of impairments,4591,0
198/6,Preference shares - share type 5,0,51
264/8,Share of OCI from joint ventures/associates,0,5679
146/4,Amounts receivable in respect of hire purchase contracts,0,56814
5/5,Directors' commission,0,952
235/9,Office equipment - Transfer to ownership,0,13237
106/14,Freehold property - depreciation - charge written back,8376,0
61/3,Vehicle license and insurance,0,8867
103/3,Development costs - Disposals cost,0,67265
121/2,Plant and machinery (leased) - Additions cost,0,10714
139/16,Investment property - depreciation - impairments,0,10095
116/7,Computer software (leased) - Reversal of impairments,82064,0
106/3,Freehold property - Disposals cost,0,49166
174/4,Obligations under hire purchase/finance leases,0,3402
201/6,Hire purchase gross - 4 to 5 years,1522,0
223/5,Transfer to/from profit and loss account,12738,0
129/3,Interest in joint ventures - Disposals cost,13063,0
119/19,Long leasehold (leased) - depreciation - transfer to ownership,8535,0
48/4,Bonuses,0,13656
103/18,Development costs - amortisation - exchange differences,0,6798
264/1,Other comprehensive income b/fwd,0,99062
66/13,Consultancy fee,40181,0
72/4,Joint ventures other finance income/costs,0,35248
54/5,Profit/loss on sale of computer software (disallowable),0,51906
192/5,Preference shares - share type 4,8653,0
111/11,Fixtures and fittings - Accumulated depreciation b/fwd,12066,0
45/3,Profit/loss on sale or termination of an operation,0,79
138/12,Investment in own shares - Provision for the Year,0,14234
211/30,Assets previously unrecognised surplus/deficit,0,42266
101/15,Goodwill - amortisation - revaluation adjustments,6335,0
210/3,Accrued expenses,0,10830
47/4,Directors' bonuses,0,2022
134/3,Loans to other participating interests - Repayments,52476,0
5/12,Directors' remuneration trust expenses,68313,0
5/5,Directors' commission,0,7694
101/6,Goodwill - Impairments,0,14600
5/12,Directors' remuneration trust expenses,0,11176
252/1,Square Off,2626,0
136/1,Other investments not loans - Unlisted - Cost b/fwd,44806,0
55/6,Impairment loss on goodwill,10332,0
129/19,Interest in joint ventures - Reclassification/transfers,0,24206
13/5,Commission paid,0,195
235/17,Office equipment - depreciation - reversal of impairments,0,28450
53/17,Depreciation of motor vehicles,3943,0
25/2,Gain/loss on revaluation of intangible assets,57881,0
198/16,Preference shares - share type 15,0,7967
118/6,Short leasehold (leased) - Impairments,0,4497
29/163,Imported Test Account 0163,0,15824
101/2,Goodwill - Additions cost,30421,0
66/13,Consultancy fee,9260,0
194/21,Preference shares - share type 20,0,13993
202/5,Hire purchase interest - 3 to 4 years,0,13443
117/18,Freehold property (leased) - depreciation - exchange differences,0,150
162/1,Amounts owed by/to group undertakings,114314,0
7/7,Staff related consultancy,11454,0
115/8,Development costs (leased) - Exchange differences,0,36463
68/19,Joint venture profit/loss on sale of tangible fixed assets,0,5296
138/7,Investment in own shares - Reversal of impairments,26482,0
5/5,Directors' commission,0,43212
114/19,"Patents, trademarks and licenses (leased) - Transfer to ownership",6866,0
211/2,Pension - non-frsse,0,2193
179/7,Bounce back loan,0,42651
136/1,Other investments not loans - Unlisted - Cost b/fwd,240403,0
235/12,Office equipment - Depreciation charge for the Year,0,42531
29/161,Imported Test Account 0161,0,52503
68/5,Profit/loss on sale of goodwill (disallowable),3332,0
235/9,Office equipment - Transfer to ownership,5400,0
226/6,Reduction in share capital,0,2834
194/21,Preference shares - share type 20,0,22196
41/3,Variable payments,3638,0
153/1,Called up share capital not paid,0,7829
109/9,Improvements to property - Transfer to ownership,0,14912
211/13,Obligation curtailments,0,406470
139/13,Investment property - depreciation - on disposal,0,9059
138/3,Investment in own shares - Disposals cost,0,2086
29/194,Imported Test Account 0194,0,68709
105/20,Other - Reclassification/transfers,60354,0
29/138,Imported Test Account 0138,14249,0
101/7,Goodwill - Reversal of impairments,11623,0
121/13,Plant and machinery (leased) - depreciation - on disposal,0,5432
45/3,Profit/loss on sale or termination of an operation,0,10944
200/11,Preference shares - share type 10,246,0
140/19,Investment property (leased) - depreciation - transfer to ownership,1286,0
109/9,Improvements to property - Transfer to ownership,14603,0
127/14,Interest in associates - Provision written back,73375,0
5/12,Directors' remuneration trust expenses,0,72824
219/3,Bonus share issue,0,23036
160/5,Bank account 5,0,14774
125/7,Shares in Group - Reversal of impairments,13682,0
194/21,Preference shares - share type 20,11603,0
106/17,Freehold property - depreciation - reversal of impairments,0,12586
9/11,Profit/loss on sale of investments,12304,0
174/5,Payments received on account,62343,0
66/6,Canteen,2737,0
53/20,Amortisation of other intangible fixed assets,8909,0
46/2,Gain/loss on revaluation of intangible assets,0,8246
116/7,Computer software (leased) - Reversal of impairments,12132,0
112/12,Motor vehicles - Depreciation charge for the Year,12486,0
38/5,Staff entertainment,0,494106
154/4,Deposits paid,0,115
24/9,Reversal of impairment losses on computer software,35469,0
226/6,Reduction in share capital,13196,0
66/13,Consultancy fee,0,7712
212/6,Obligation contributions by scheme participants,0,10053
28/16,Imported Test Account 0016,0,9922
128/15,Interest in associates' goodwill - Revaluation adjustments,0,2219
39/15,Depreciation of plant and machinery,80647,0
28/89,Imported Test Account 0089,5568,0
194/25,Prior year adjustment,3561,0
125/14,Shares in Group - Provision written back,372939,0
131/19,Interest in others - Reclassification/transfers,0,768
28/52,Imported Test Account 0052,7451,0
235/5,Office equipment - Revaluations,0,11110
119/3,Long leasehold (leased) - Disposals cost,5605,0
125/14,Shares in Group - Provision written back,0,5849
59/9,Other non-audit services,3579,0
200/4,Preference shares - share type 3,0,8623
212/19,Assets contributions by scheme participants,228,0
28/78,Imported Test Account 0078,0,86367
37/4,Bonuses,0,12450
12/1,Vehicles costs,76525,0
147/7,S455 tax,0,1370
154/4,Deposits paid,0,326666
223/5,Transfer to/from profit and loss account,13442,0
206/7,Other leases interest more than 5 years,0,27255
110/1,Plant and machinery - Cost b/fwd,7058,0
23/1,Profit on sale of intangible fixed assets,0,7045
41/3,Variable payments,0,11087
29/140,Imported Test Account 0140,8067,0
28/93,Imported Test Account 0093,36471,0
5/2,Directors' salaries,65993,0
196/8,Preference shares - share type 7,16535,0
102/19,"Patents, trademarks and licenses - amortisation - transfer to ownership",0,13825
115/2,Development costs (leased) - additions cost (external),11321,0
205/3,Other leases gross - 1 to 2 years,0,11120
28/49,Imported Test Account 0049,0,2269
124/15,Computer equipment (leased) - depreciation - revaluation adjustments,66857,0
136/17,Other investments not loans - unlisted - provision - reversal of impairments,0,8131
115/5,Development costs (leased) - Revaluations,14467,0
211/22,Assets actuarial gains/(losses),0,4240
170/20,Proposed dividends share type 19,3914,0
115/17,Development costs (leased) - amortisation - reversal of impairments,12171,0
3/1,Purchases,9515,0
66/19,Accommodation,0,10984
120/2,Improvements to property (leased) - Additions cost,0,36603
130/9,Interest in joint ventures' goodwill - Dividends received,9685,0
22/1,Rents received (Property income),0,85424
196/3,Preference shares - share type 2,41101,0
264/2,Actuarial gain/(loss),0,38
223/6,Transfers to/from other reserves,0,13231
264/8,Share of OCI from joint ventures/associates,0,48501
211/42,Dbps : actuarial gain/loss in current accounting period,0,6898
102/10,"Patents, trademarks and licenses - Reclassification/transfers",0,5056
129/3,Interest in joint ventures - Disposals cost,6496,0
106/17,Freehold property - depreciation - reversal of impairments,14085,0
225/6,Increase in share capital,0,3067
24/9,Reversal of impairment losses on computer software,4347,0
68/5,Profit/loss on sale of goodwill (disallowable),0,10886
5/12,Directors' remuneration trust expenses,5925,0
28/92,Imported Test Account 0092,0,34788
174/5,Payments received on account,12030,0
127/4,Interest in associates - Share of profit/loss,0,55594
264/3,Pension surplus not recognised,0,9078
49/6,Staff entertainment,13712,0
168/1,VAT control account,0,7987
102/8,"Patents, trademarks and licenses - Exchange differences",1521,0
120/18,Improvements to property (leased) - depreciation - exchange differences,13561,0
102/17,"Patents, trademarks and licenses - amortisation - reversal of impairments",10455,0
59/4,Taxation compliance services,0,39370
147/2,Debts factored without recourse,280551,0
104/5,Computer software - Revaluations,588,0
55/6,Impairment loss on goodwill,0,10170
128/4,Interest in associates' goodwill - Share of profit/loss,0,5247
111/6,Fixtures and fittings - Impairments,0,5520
134/3,Loans to other participating interests - Repayments,0,11541
68/20,Joint venture profit/loss on sale of fixed asset investments,64774,0
125/8,Shares in Group - Exchange differences,14035,0
149/2,Accrued income,10431,0
28/49,Imported Test Account 0049,5184,0
212/29,Past service costs not recognised,0,3133
103/3,Development costs - Disposals cost,1219,0
107/15,Short leasehold - depreciation - revaluation adjustments,0,10704
123/13,Motor vehicles (leased) - depreciation - on disposal,7676,0
29/110,Imported Test Account 0110,0,13059
123/12,Motor vehicles (leased) - Depreciation charge for the Year,0,5323
69/2,Joint ventures/associates amounts w/o investments,6254,0
68/17,Joint venture reorganisation and restructuring costs,7787,0
2/11,Test - ACC -Code present or not,0,42
55/9,Impairment loss on computer software,0,7427
239/2,sadasd,0,4680
2/4,Opening stock - finished goods,29568,0
29/132,Imported Test Account 0132,598,0
136/1,Other investments not loans - Unlisted - Cost b/fwd,90760,0
200/13,Preference shares - share type 12,0,12898
29/177,Imported Test Account 0177,478893,0
24/9,Reversal of impairment losses on computer software,44041,0
22/1,Rents received (Property income),15,0
156/8,Other investments - Listed - Additions cost,0,1892
76/1,Non-controlling interest - equity,8689,0
141/3,Raw materials,9247,0
223/5,Transfer to/from profit and loss account,0,12256
54/8,Profit/loss on sale of development costs,2020,0
123/11,Motor vehicles (leased) - Accumulated depreciation b/fwd,0,2182
102/19,"Patents, trademarks and licenses - amortisation - transfer to ownership",0,12409
174/6,Wages and salaries control account,0,8161
104/4,Computer software - Grants,0,5892
28/45,Imported Test Account 0045,0,5830
46/5,Gain/loss on revaluation of investment properties,0,54522
115/2,Development costs (leased) - additions cost (external),2096,0
122/7,Fixtures and fittings (leased) - Reversal of impairments,147,0
29/126,Imported Test Account 0126,6541,0
140/7,Investment property (leased) - reversal of impairments,0,13805
29/159,Imported Test Account 0159,0,11253
139/19,Investment in Property - Transfer to ownership,493133,0
108/19,Long leasehold - depreciation - transfer to ownership,1305,0
119/20,Long leasehold (leased) - Reclassification/transfers,0,14833
29/175,Imported Test Account 0175,0,14070
210/3,Accrued expenses,0,1855
49/1,Staff training,2934,0
174/6,Wages and salaries control account,64577,0
29/165,Imported Test Account 0165,0,4027
196/12,Preference shares - share type 11,6042,0
223/5,Transfer to/from profit and loss account,6402,0
114/18,"Patents, trademarks and licenses (leased) - amortisation - exchange differences",1936,0
223/1,Capital redemptions reserves,16720,0
102/9,"Patents, trademarks and licenses - Transfer to ownership",44554,0
43/1,Profit/loss on sale of intangible fixed assets,103447,0
138/7,Investment in own shares - Reversal of impairments,0,77884
138/10,Investment in own shares - Reclassification/transfers,0,9146
104/1,Computer software - Cost b/fwd,606,0
210/3,Accrued expenses,0,71736
149/5,Advance paid,0,73367
111/16,Fixtures and fittings - depreciation - impairments,0,201508
204/2,Finance leases interest - 1 to 5 years,28592,0
116/4,Computer software (leased) - Grants,0,183794
192/14,Preference shares - share type 13,0,16828
66/13,Consultancy fee,12139,0
112/13,Motor vehicles - depreciation - on disposal,0,149
104/11,Computer software - Accumulated Amortisation b/fwd,12388,0
227/2,Equity-settled share-based payments in year,0,47
28/52,Imported Test Account 0052,35779,0
70/2,Mortgage interest,8611,0
123/9,Motor vehicles (leased) - Transfer to ownership,0,6691
28/55,Imported Test Account 0055,25788,0
115/15,Development costs (leased) - amortisation - revaluation adjustments,0,4500
29/173,Imported Test Account 0173,0,907
52/7,Cleaning of premises,0,8675
129/1,Interest in joint ventures - Cost b/fwd,0,13375
64/1,Realised exchange rate losses/gains,0,13279
125/14,Shares in Group - Provision written back,0,6692
109/7,Improvements to property - Reversal of impairments,8483,0
222/1,Revaluation reserves,0,1170
192/14,Preference shares - share type 13,187,0
264/8,Share of OCI from joint ventures/associates,0,5331
5/5,Directors' commission,5244,0
124/16,Computer equipment (leased) - depreciation - impairments,12034,0
120/13,Improvements to property (leased) - Eliminated on disposal,0,24886
28/52,Imported Test Account 0052,0,96000
115/9,Development costs (leased) - Transfer to ownership,13250,0
29/163,Imported Test Account 0163,13294,0
6/4,Bonuses,80558,0
12/1,Vehicles costs,0,7765
139/8,Investment property - exchange differences,11326,0
28/74,Imported Test Account 0074,0,7
29/159,Imported Test Account 0159,0,12942
110/2,Plant and machinery - Additions cost,14973,0
111/11,Fixtures and fittings - Accumulated depreciation b/fwd,35047,0
227/6,Forfeiture of share options in the year,7610,0
105/9,Other - Transfer to ownership,0,205
54/2,Profit/loss on sale of goodwill (disallowable),88389,0
111/11,Fixtures and fittings - Accumulated depreciation b/fwd,0,698
140/1,Investment property (leased) - cost b/fwd,0,477383
103/14,Development costs - amortisation - charge written back,72665,0
156/3,Other investments - listed - cost b/fwd,7826,0
70/3,Interest on loan,0,427426
223/5,Transfer to/from profit and loss account,0,5724
210/3,Accrued expenses,0,5644
29/175,Imported Test Account 0175,12324,0
235/20,Office equipment - Reclassification/transfers,0,74394
124/10,Computer equipment (leased) - Reclassification/transfers,0,6272
123/19,Motor vehicles (leased) - depreciation - transfer to ownership,14200,0
37/8,Other staff costs,3012,0
224/2,Other reserves brought forward,0,139
138/12,Investment in own shares - Provision for the Year,0,5172
12/1,Vehicles costs,3343,0
196/21,Preference shares - share type 20,0,13452
48/6,Share-based payments,74611,0
103/3,Development costs - Disposals cost,0,47756
129/19,Interest in joint ventures - Reclassification/transfers,2728,0
47/8,Directors' pension contributions - defined contribution plan,0,14880
198/21,Preference shares - share type 20,2260,0
111/7,Fixtures and fittings - Reversal of impairments,13685,0
226/6,Reduction in share capital,0,2288
66/18,Council tax,0,13327
129/3,Interest in joint ventures - Disposals cost,48686,0
59/8,Corporate finance services,12485,0
29/173,Imported Test Account 0173,12745,0
102/9,"Patents, trademarks and licenses - Transfer to ownership",0,5397
115/2,Development costs (leased) - additions cost (external),0,6979
106/20,Freehold property - Reclassification/transfers,0,41348
264/2,Actuarial gain/(loss),244,0
223/5,Transfer to/from profit and loss account,0,7830
24/7,"Reversal of impairment losses on patents, trademarks and licenses",0,93990
57/1,Gain/loss on revaluation of assets,0,5369
39/16,Depreciation of fixtures and fittings,478506,0
102/9,"Patents, trademarks and licenses - Transfer to ownership",173551,0
55/3,"Impairment loss on patents, trademarks and licenses (disallowable)",0,2270
24/7,"Reversal of impairment losses on patents, trademarks and licenses",0,12459
161/4,Amounts owed by/to associates,0,9804
36/1,Directors' remuneration,82405,0
12/1,Vehicles costs,12475,0
53/10,Depreciation of tangible fixed assets,0,5632
29/173,Imported Test Account 0173,0,91252
28/52,Imported Test Account 0052,65114,0
4/5,Closing stock - merchandise,0,14908
200/17,Preference shares - share type 16,3850,0
136/1,Other investments not loans - Unlisted - Cost b/fwd,6902,0
129/3,Interest in joint ventures - Disposals cost,0,17594
156/6,Shares in Group - Additions cost,1356,0
200/3,Preference shares - share type 2,0,655
36/4,Directors' bonuses,177,0
171/1,Amounts owed to group undertakings,0,13959
69/2,Joint ventures/associates amounts w/o investments,0,13527
116/11,Computer software (leased) - Accumulated Amortisation b/fwd,0,1585
133/2,Loans to Joint ventures - New loans,0,4704
264/7,Unrealised (deficit)/surplus on impairment of tangible fixed assets,0,1219
125/14,Shares in Group - Provision written back,13607,0
123/17,Motor vehicles (leased) - depreciation - reversal of impairments,52812,0
156/6,Shares in Group - Additions cost,2543,0
168/1,VAT control account,0,7629
161/3,Amounts owed by/to joint ventures,0,3012
168/1,VAT control account,68499,0
118/19,Short leasehold (leased) - depreciation - transfer to ownership,6862,0
5/12,Directors' remuneration trust expenses,5586,0
60/3,Legal and professional fees,5723,0
29/175,Imported Test Account 0175,8427,0
212/21,Assets actuarial losses,4350,0
203/3,Finance leases gross - 1 to 2 years,9729,0
223/5,Transfer to/from profit and loss account,28,0
200/2,Preference shares - share type 1,0,18707
225/3,Bonus share issue,0,345161
5/5,Directors' commission,98258,0
236/18,Other - depreciation - exchange differences,0,94849
113/4,Computer equipment - Grants,0,13772
28/33,Imported Test Account 0033,0,14681
9/3,"Profit/loss on sale of patents, trademarks and licenses (disallowable)",0,8240
118/18,Short leasehold (leased) - depreciation - exchange differences,0,89728
104/18,Computer software - amortisation - exchange differences,1351,0
207/6,Charged to profit and loss,0,13149
26/2,as,0,3393
138/6,Investment in own shares - Impairments,0,65700
192/14,Preference shares - share type 13,13135,0
210/2,Deferred government grants,597,0
130/17,Interest in joint ventures' goodwill - Reversal of impairments,1492,0
201/2,Hire purchase gross - 1 to 5 years,14758,0
264/8,Share of OCI from joint ventures/associates,9370,0
24/9,Reversal of impairment losses on computer software,0,218
49/3,Temporary staff and recruitment,11665,0
68/20,Joint venture profit/loss on sale of fixed asset investments,0,2477
103/20,Development costs - Reclassification/transfers,214,0
116/7,Computer software (leased) - Reversal of impairments,0,64319
204/1,Finance leases interest less than one year,0,13384
194/21,Preference shares - share type 20,6710,0
29/140,Imported Test Account 0140,13239,0
122/15,Fixtures and fittings (leased) - depreciation - revaluation adjustments,0,1011
60/2,Taxation fee,0,50012
136/2,Other investments not loans - Unlisted - Additions cost,0,4635
29/189,Imported Test Account 0189,0,4334
119/2,Long leasehold (leased) - Additions cost,68826,0
236/7,Other - Reversal of impairments,0,8466
128/13,Interest in associates' goodwill - Eliminated on disposal,13493,0
70/1,Bank interest,12818,0
120/18,Improvements to property (leased) - depreciation - exchange differences,7554,0
17/4,Gain/loss on revaluation of investments,425379,0
48/1,Wages and salaries,13612,0
133/1,Loans to Joint ventures - Cost b/fwd,0,1286
154/1,Prepayments,0,3237
102/12,"Patents, trademarks and licenses - Amortisation charge for the Year",8011,0
107/18,Short leasehold - depreciation - exchange differences,5274,0
137/2,Other loans - Unlisted - New loans,5715,0
110/15,Plant and machinery - depreciation - revaluation adjustments,0,9889
211/39,Gains and losses on any settlements or curtailments,4458,0
15/3,Hire of land and building,0,12551
200/3,Preference shares - share type 2,0,6184
117/19,Freehold property (leased) - depreciation - transfer to ownership,9832,0
29/159,Imported Test Account 0159,3022,0
108/9,Long leasehold - Transfer to ownership,0,27920
5/5,Directors' commission,0,7291
66/13,Consultancy fee,0,13639
162/2,Amounts owed by/to participating interests,6954,0
135/9,Other investments not loans - Listed - Dividends received,0,5911
129/3,Interest in joint ventures - Disposals cost,0,155
8/13,Depreciation of long leasehold,11849,0
29/111,Imported Test Account 0111,0,5919
4/5,Closing stock - merchandise,0,6579
6/2,PAYE and NI contributions,0,2660
130/3,Interest in joint ventures' goodwill - Disposals cost,68253,0
264/1,Other comprehensive income b/fwd,5970,0
264/8,Share of OCI from joint ventures/associates,0,648
28/28,Imported Test Account 0028,80237,0
49/3,Temporary staff and recruitment,1209,0
128/6,Interest in associates' goodwill - Impairments,74294,0
29/131,Imported Test Account 0131,0,37904
29/175,Imported Test Account 0175,0,35
12/1,Vehicles costs,96552,0
23/8,Profit on sale of development costs,0,12064
29/145,Imported Test Account 0145,0,16950
131/2,Interest in others - Additions cost,0,2481
181/2,Debenture loans - convertible,71043,0
192/7,Preference shares - share type 6,0,63508
109/9,Improvements to property - Transfer to ownership,8985,0
29/101,Imported Test Account 0101,0,70
28/43,Imported Test Account 0043,5853,0
108/5,Long leasehold - Revaluations,2028,0
25/4,Gain/loss on revaluation of investments,33134,0
131/6,Interest in others - Impairments,0,5277
214/3,Scrip/rights issues,0,111365
205/6,Other leases gross - 4 to 5 years,0,2604
236/11,Other - Accumulated depreciation b/fwd,6444,0
8/16,Depreciation of fixtures and fittings,2202,0
29/103,Imported Test Account 0103,18,0
115/10,Development costs (leased) - Reclassification/transfers,6891,0
41/3,Variable payments,11808,0
68/20,Joint venture profit/loss on sale of fixed asset investments,1029,0
109/9,Improvements to property - Transfer to ownership,0,11878
28/56,Imported Test Account 0056,0,586
138/12,Investment in own shares - Provision for the Year,0,216
5/5,Directors' commission,1840,0
29/173,Imported Test Account 0173,3135,0
48/8,Other staff costs,301008,0
194/21,Preference shares - share type 20,6200,0
102/2,"Patents, trademarks and licenses - additions cost (external)",0,4689
193/1,Other loans,219207,0
28/54,Imported Test Account 0054,0,5159
23/10,Profit on sale of tangible fixed assets,0,1585
211/5,Obligation past service cost,12262,0
111/7,Fixtures and fittings - Reversal of impairments,94021,0
111/11,Fixtures and fittings - Accumulated depreciation b/fwd,125336,0
111/11,Fixtures and fittings - Accumulated depreciation b/fwd,0,12052
139/18,Investment property - depreciation - exchange differences,0,52325
29/175,Imported Test Account 0175,5187,0
115/16,Development costs (leased) - amortisation - impairments,0,13097
198/11,Preference shares - share type 10,12480,0
108/14,Long leasehold - Charge written back,4922,0
8/11,Depreciation of freehold property,528,0
5/12,Directors' remuneration trust expenses,232,0
210/2,Deferred government grants,0,17286
29/122,Imported Test Account 0122,0,74688
72/3,Joint ventures/associates other finance income/costs,46332,0
138/12,Investment in own shares - Provision for the Year,10961,0
106/13,Freehold property - depreciation - on disposal,166,0
111/11,Fixtures and fittings - Accumulated depreciation b/fwd,913,0
156/1,Shares in group - cost b/fwd,751,0
29/175,Imported Test Account 0175,9885,0
5/5,Directors' commission,5587,0
211/27,Assets settlements,0,10935
129/6,Interest in joint ventures - Impairments,39210,0
66/13,Consultancy fee,0,3998
211/23,Assets benefits paid,56618,0
170/9,Proposed dividends share type 8,0,539
211/34,Contributions,0,2018
41/3,Variable payments,53830,0
129/3,Interest in joint ventures - Disposals cost,3192,0
18/1,Cost of sales - exceptional item,2506,0
221/4,Prior year adjustment - correction of error,0,347579
201/5,Hire purchase gross - 3 to 4 years,0,216
141/1,Valuation,0,51598
55/6,Impairment loss on goodwill,0,1406
140/1,Investment property (leased) - cost b/fwd,0,45994
109/8,Improvements to property - Exchange differences,0,11652
4/5,Closing stock - merchandise,0,2972
66/11,IT cost,0,4742
219/6,Increase in share capital,0,3193
139/3,Investment property - disposals cost,0,34546
236/15,Other - depreciation - revaluation adjustments,1218,0
111/7,Fixtures and fittings - Reversal of impairments,0,231
111/18,Fixtures and fittings - depreciation - exchange differences,0,83554
108/13,Long leasehold - Eliminated on disposal,66734,0
24/6,Reversal of impairment losses on goodwill,0,94
102/6,"Patents, trademarks and licenses - Impairments",41401,0
125/1,Shares in Group - Cost b/fwd,0,4301
106/4,Freehold property - Grants,0,12211
113/17,Computer equipment - depreciation - reversal of impairments,9565,0
6/4,Bonuses,6031,0
110/17,Plant and machinery - depreciation - reversal of impairments,10670,0
116/7,Computer software (leased) - Reversal of impairments,3622,0
49/2,Staff welfare,3574,0
148/1,Called up share capital not paid,0,93211
120/18,Improvements to property (leased) - depreciation - exchange differences,82884,0
102/13,"Patents, trademarks and licenses - amortisation - on disposal",0,25075
115/10,Development costs (leased) - Reclassification/transfers,498027,0
138/14,Investment in own shares - Provision written back,0,4222
224/1,Other reserves,14214,0
140/16,Investment property (leased) - depreciation - impairments,3129,0
12/1,Vehicles costs,0,13639
45/2,Reorganisation and restructuring costs,12426,0
24/9,Reversal of impairment losses on computer software,178,0
217/3,Other issues,5376,0
29/173,Imported Test Account 0173,14262,0
145/2,Long term contracts - excess payments on account,0,4771
124/6,Computer equipment (leased) - Impairments,15005,0
138/7,Investment in own shares - Reversal of impairments,5076,0
106/17,Freehold property - depreciation - reversal of impairments,0,2859
111/11,Fixtures and fittings - Accumulated depreciation b/fwd,0,8186
136/1,Other investments not loans - Unlisted - Cost b/fwd,0,77815
194/6,Preference shares - share type 5,0,14702
1/9,VAT flat rate adjustment,0,2511
122/15,Fixtures and fittings (leased) - depreciation - revaluation adjustments,4246,0
6/9,staff costs test,0,59237
3/6,Purchases - Archieve,0,8855
203/4,Finance leases gross - 2 to 3 years,0,6146
212/15,Obligation actuarial (gains)/lossess from changes in financial assumptions,0,12529
29/173,Imported Test Account 0173,236,0
24/9,Reversal of impairment losses on computer software,0,719
48/5,Redundancy costs,0,10043
66/2,Computer expenses,4917,0
115/11,Development costs (leased) - Accumulated Amortisation b/fwd,236,0
29/185,Imported Test Account 0185,11120,0
120/5,Improvements to property (leased) - Revaluations,7480,0
119/8,Long leasehold (leased) - Exchange differences,0,168
119/19,Long leasehold (leased) - depreciation - transfer to ownership,14774,0
66/13,Consultancy fee,22323,0
179/1,Other creditors,3141,0
127/6,Interest in associates - Impairments,0,112507
29/159,Imported Test Account 0159,6078,0
8/6,Amortisation of goodwill,0,81740
123/12,Motor vehicles (leased) - Depreciation charge for the Year,342282,0
109/20,Improvements to property - Reclassification/transfers,0,44384
45/3,Profit/loss on sale or termination of an operation,19434,0
52/9,Use of home as office,0,8158
139/14,Investment property - depreciation - charge written back,96708,0
211/37,Actuarial gain,0,13687
120/16,Improvements to property (leased) - depreciation - impairments,0,44210
28/52,Imported Test Account 0052,0,13492
47/15,Directors pension current service costs,14103,0
264/8,Share of OCI from joint ventures/associates,17,0
29/116,Imported Test Account 0116,0,11619
12/1,Vehicles costs,0,185707
5/4,Directors' bonuses,8143,0
68/10,"Profit/loss on sale of patents, trademarks and licenses",14036,0
129/18,Interest in joint ventures - provision - exchange differences,890,0
28/74,Imported Test Account 0074,0,13369
129/3,Interest in joint ventures - Disposals cost,0,82881
24/9,Reversal of impairment losses on computer software,52188,0
158/1,Deposit account,12736,0
128/2,Interest in associates' goodwill - Additions cost,89652,0
120/18,Improvements to property (leased) - depreciation - exchange differences,0,5574
29/173,Imported Test Account 0173,13076,0
120/18,Improvements to property (leased) - depreciation - exchange differences,0,118243
110/16,Plant and machinery - depreciation - impairments,11228,0
39/16,Depreciation of fixtures and fittings,12016,0
111/7,Fixtures and fittings - Reversal of impairments,0,13876
194/20,Preference shares - share type 19,0,9970
136/2,Other investments not loans - Unlisted - Additions cost,0,1
29/173,Imported Test Account 0173,0,10059
2/5,Opening stock - merchandise,0,1010
120/18,Improvements to property (leased) - depreciation - exchange differences,0,644
2/1,Opening stock,1070,0
53/3,"Amortisation of patents, trademarks and licenses (disallowable)",7482,0
28/52,Imported Test Account 0052,0,4873
28/96,Imported Test Account 0096,0,1080
125/3,Shares in Group - Disposals cost,6300,0
125/14,Shares in Group - Provision written back,0,7065
214/1,Equity share capital b/fwd,0,71439
194/21,Preference shares - share type 20,464128,0
8/7,"Amortisation of patents, trademarks and licenses",0,58550
120/18,Improvements to property (leased) - depreciation - exchange differences,8263,0
29/126,Imported Test Account 0126,158,0
68/23,Associates profit/loss on sale of intangible fixed assets,7945,0
62/6,Paypal fees,12270,0
103/8,Development costs - Exchange differences,0,12768
107/20,Short leasehold - Reclassification/transfers,3249,0
225/7,Reduction in share capital,74672,0
109/5,Improvements to property - Revaluations,2943,0
54/10,Profit/loss on sale of tangible fixed assets,5369,0
111/15,Fixtures and fittings - depreciation - revaluation adjustments,1321,0
128/5,Interest in associates' goodwill - Revaluations,0,51321
211/10,Obligation benefits paid,0,1164
39/19,Amortisation of other intangible fixed assets,0,2244
132/4,Loans to Associates - Revaluations,0,98276
211/25,Assets business combinations,2270,0
235/11,Office equipment - Accumulated depreciation b/fwd,0,71
28/92,Imported Test Account 0092,17449,0
200/1,Preference shares,0,9102
5/12,Directors' remuneration trust expenses,0,4974
118/9,Short leasehold (leased) - Transfer to ownership,0,7644
47/15,Directors pension current service costs,9779,0
156/6,Shares in Group - Additions cost,0,12632
101/6,Goodwill - Impairments,0,64451
113/20,Computer equipment - Reclassification/transfers,0,3775
53/16,Depreciation of fixtures and fittings,141,0
68/21,Associates profits/loss on the sale of operations,5611,0
41/3,Variable payments,0,29
29/126,Imported Test Account 0126,8293,0
113/5,Computer equipment - Revaluations,141,0
179/8,Mortgage loan,0,52
29/99,Imported Test Account 0099,221,0
139/4,Investment property - grants,0,10463
103/6,Development costs - Impairments,0,21481
28/7,Imported Test Account 0007,0,34722
103/10,Development costs - Reclassification/transfers,0,11396
264/8,Share of OCI from joint ventures/associates,0,8040
25/5,Gain/loss on revaluation of investment properties,6682,0
30/1,Income from fixed asset investments (Unfranked),0,656
136/2,Other investments not loans - Unlisted - Additions cost,0,7630
194/21,Preference shares - share type 20,187,0
5/12,Directors' remuneration trust expenses,7088,0
28/76,Imported Test Account 0076,0,18
49/3,Temporary staff and recruitment,0,7863
29/159,Imported Test Account 0159,0,1744
194/3,Preference shares - share type 2,0,7456
223/5,Transfer to/from profit and loss account,9724,0
108/6,Long leasehold - Impairments,0,2190
203/2,Finance leases gross - 1 to 5 years,14445,0
212/2,Obligation brought forward,0,80621
125/2,Shares in Group - Additions cost,0,35639
113/14,Computer equipment - depreciation - charge written back,12931,0
72/2,Interest on pension scheme liabilities,29928,0
136/1,Other investments not loans - Unlisted - Cost b/fwd,0,12934
121/8,Plant and machinery (leased) - Exchange differences,95608,0
135/7,Other investments not loans - Listed - Reversal of impairments,0,129
111/7,Fixtures and fittings - Reversal of impairments,8542,0
192/17,Preference shares - share type 16,0,40987
198/19,Preference shares - share type 18,0,13998
118/12,Short leasehold (leased) - Depreciation charge for the Year,0,9705
105/7,Other - Reversal of impairments,6161,0
187/2,Bank loans and overdrafts - secured,0,12414
56/1,Administrative expenses - exceptional item,0,72822
200/16,Preference shares - share type 15,11634,0
102/9,"Patents, trademarks and licenses - Transfer to ownership",456922,0
29/136,Imported Test Account 0136,0,8758
138/4,Investment in own shares - Share of profit/loss,5596,0
2/3,Opening stock - work in progress,0,5939
192/26,Transfers from neps more than 1 year,4781,0
264/8,Share of OCI from joint ventures/associates,0,11644
140/18,Investment property (leased) - depreciation - exchange differences,4059,0
111/11,Fixtures and fittings - Accumulated depreciation b/fwd,0,2751
41/1,Short-term lease,1954,0
69/2,Joint ventures/associates amounts w/o investments,0,26825
122/6,Fixtures and fittings (leased) - Impairments,7689,0
200/19,Preference shares - share type 18,12140,0
29/112,Imported Test Account 0112,58916,0
9/9,Profit/loss on sale of computer software,0,125486
129/9,Interest in joint ventures - Dividends received,0,78742
22/1,Rents received (Property income),6885,0
29/175,Imported Test Account 0175,11101,0
235/4,Office equipment - Grants,43832,0
102/9,"Patents, trademarks and licenses - Transfer to ownership",0,8457
29/159,Imported Test Account 0159,0,33704
14/2,Low-value assets,0,3319
128/12,Interest in associates' goodwill - Provision for the Year,7708,0
5/12,Directors' remuneration trust expenses,0,71116
48/9,Pension current service cost (DB),13517,0
170/17,Proposed dividends share type 16,192,0
106/17,Freehold property - depreciation - reversal of impairments,14064,0
223/5,Transfer to/from profit and loss account,0,10222
29/126,Imported Test Account 0126,0,39116
107/19,Short leasehold - depreciation - transfer to ownership,97690,0
116/19,Computer software (leased) - Transfer to ownership,289793,0
29/104,Imported Test Account 0104,0,32994
174/3,Dividends payable - non-equity,9664,0
43/9,Profit/loss on sale of computer software,0,2856
5/13,Payment to third parties for director's services,97807,0
222/6,Transfers to/from other reserves,8407,0
47/10,Directors' compensation for loss of office,0,5881
114/16,"Patents, trademarks and licenses (leased) - amortisation - impairments",11639,0
47/3,Directors' fees,20416,0
53/14,Depreciation of improvements to property,0,37325
5/12,Directors' remuneration trust expenses,10119,0
138/8,Investment in own shares - Exchange differences,0,69039
29/126,Imported Test Account 0126,0,31960
115/17,Development costs (leased) - amortisation - reversal of impairments,2483,0
169/1,Trade creditors,0,7091
102/19,"Patents, trademarks and licenses - amortisation - transfer to ownership",0,11040
194/21,Preference shares - share type 20,29,0
137/5,Other loans - Unlisted - Aggregate amount W/Off,618,0
29/173,Imported Test Account 0173,0,2835
162/4,Amounts owed by/to associates,0,2200
110/8,Plant and machinery - Exchange differences,0,11400
180/1,Other creditors,4932,0
218/3,Bonus share issue,3487,0
28/21,Imported Test Account 0021,20399,0
43/7,"Profit/loss on sale of patents, trademarks and licenses",222028,0
39/5,Amortisation of computer software (disallowable),57943,0
107/9,Short leasehold - Transfer to ownership,0,29435
70/6,Operating lease: rent of buildings,414917,0
102/14,"Patents, trademarks and licenses - amortisation - charge written back",4828,0
8/9,Amortisation of computer software,0,8152
168/1,VAT control account,13813,0
66/19,Accommodation,53535,0
48/2,PAYE and NI contributions,14880,0
131/16,Interest in others - Impairments,0,9690
29/159,Imported Test Account 0159,9676,0
170/5,Proposed dividends share type 4,0,11875
120/12,Improvements to property (leased) - Depreciation charge for the Year,0,10948
39/3,"Amortisation of patents, trademarks and licenses (disallowable)",0,7460
122/7,Fixtures and fittings (leased) - Reversal of impairments,3675,0
1/1,Sales,5647,0
123/5,Motor vehicles (leased) - Revaluations,0,8744
29/137,Imported Test Account 0137,8505,0
163/3,Amounts owed by/to joint ventures,50154,0
15/2,Other operating leases,48022,0
127/6,Interest in associates - Impairments,0,204
104/9,Computer software - Transfer to ownership,0,4048
226/1,Non - controlling interests,8483,0
156/2,Investment in own shares - cost b/fwd,0,12986
28/70,Imported Test Account 0070,9841,0
41/2,Low-value assets,7714,0
29/173,Imported Test Account 0173,50987,0
130/8,Interest in joint ventures' goodwill - Exchange differences,0,25744
130/4,Interest in joint ventures' goodwill - Share of profit/loss,0,14778
118/13,Short leasehold (leased) - depreciation - on disposal,0,31564
171/2,Amounts owed to participating interests,222,0
120/18,Improvements to property (leased) - depreciation - exchange differences,52758,0
115/10,Development costs (leased) - Reclassification/transfers,0,9102
134/3,Loans to other participating interests - Repayments,0,2431
101/13,Goodwill - amortisation - on disposal,0,9561
110/11,Plant and machinery - Accumulated depreciation b/fwd,0,86794
203/6,Finance leases gross - 4 to 5 years,12593,0
134/3,Loans to other participating interests - Repayments,34369,0
127/9,Interest in associates - Dividends received,0,14448
28/57,Imported Test Account 0057,0,551
154/1,Prepayments,0,14893
212/23,Assets exchange differences on foreign plans,0,14616
102/9,"Patents, trademarks and licenses - Transfer to ownership",0,26
211/26,Assets curtailments,0,216956
122/3,Fixtures and fittings (leased) - Disposals cost,13353,0
125/14,Shares in Group - Provision written back,0,6548
117/2,Freehold property (leased) - Additions cost,0,8086
226/4,Transfer to/from OCI,4392,0
9/6,Profit/loss on sale of goodwill,407473,0
138/15,Investment in own shares - provision - revaluation adjustments,0,85830
136/1,Other investments not loans - Unlisted - Cost b/fwd,0,12946
123/15,Motor vehicles (leased) - depreciation - revaluation adjustments,0,14519
29/187,Imported Test Account 0187,0,9043
103/5,Development costs - Revaluations,4537,0
107/11,Short leasehold - Accumulated depreciation b/fwd,1683,0
105/12,Other - Amortisation charge for the Year,869,0
212/7,Obligation interest cost,0,9691
125/14,Shares in Group - Provision written back,0,589
115/10,Development costs (leased) - Reclassification/transfers,13836,0
11/4,Lease payments for property and plant,0,63460
135/10,Other investments not loans - Listed - Reclassification/transfers,95281,0
133/3,Loans to Joint ventures - Repayments,0,11571
129/3,Interest in joint ventures - Disposals cost,0,5405
138/12,Investment in own shares - Provision for the Year,0,106
22/1,Rents received (Property income),11261,0
102/20,"Patents, trademarks and licenses - Reclassification/transfers",6174,0
62/5,Credit card charges,12177,0
5/12,Directors' remuneration trust expenses,53688,0
20/1,Exchange rate gains,6773,0
116/7,Computer software (leased) - Reversal of impairments,11421,0
196/15,Preference shares - share type 14,0,95948
130/15,Interest in joint ventures' goodwill - Revaluation adjustments,0,5185
29/159,Imported Test Account 0159,14522,0
112/18,Motor vehicles - depreciation - exchange differences,0,10761
235/9,Office equipment - Transfer to ownership,0,93104
122/9,Fixtures and fittings (leased) - transfer to ownership,0,183059
111/11,Fixtures and fittings - Accumulated depreciation b/fwd,5479,0
59/2,Auditing of accounts of associate entity,2272,0
112/11,Motor vehicles - Accumulated depreciation b/fwd,72979,0
39/15,Depreciation of plant and machinery,5918,0
8/18,Depreciation of computer equipment,0,3114
55/7,"Impairment loss on patents, trademarks and licenses",146,0
110/16,Plant and machinery - depreciation - impairments,1254,0
103/3,Development costs - Disposals cost,7671,0
70/12,Interest payable to group undertakings,2970,0
125/14,Shares in Group - Provision written back,10025,0
102/19,"Patents, trademarks and licenses - amortisation - transfer to ownership",10364,0
207/5,Deferred tax,636,0
155/2,Contract assets,0,204
29/175,Imported Test Account 0175,0,9622
28/52,Imported Test Account 0052,0,4371
7/5,Staff entertainment,92830,0
47/1,Directors' remuneration,13467,0
101/12,Goodwill - Amortisation charge for the Year,0,11848
29/159,Imported Test Account 0159,14194,0
129/19,Interest in joint ventures - Reclassification/transfers,14033,0
210/2,Deferred government grants,14512,0
226/2,Balance brought forward,0,2094
25/3,Gain/loss on revaluation of tangible assets,0,51764
172/1,Accruals and deferred income,62368,0
70/4,Interest on non-trading loan,16,0
218/9,Reduction in share capital,0,1087
235/9,Office equipment - Transfer to ownership,2266,0
210/3,Accrued expenses,24435,0
117/8,Freehold property (leased) - Exchange differences,2043,0
5/12,Directors' remuneration trust expenses,3568,0
211/35,Past service costs,14295,0
156/5,Other,0,1137
154/4,Deposits paid,1861,0
36/4,Directors' bonuses,0,10260
134/3,Loans to other participating interests - Repayments,11849,0
120/17,Improvements to property (leased) - depreciation - reversal of impairments,0,7736
194/11,Preference shares - share type 10,53,0
122/8,Fixtures and fittings (leased) - Exchange differences,73281,0
149/1,Prepayments and accrued income,82783,0
129/2,Interest in joint ventures - Additions cost,0,2370
10/5,Impairment loss on computer software (disallowable),0,38
105/17,Other - amortisation - reversal of impairments,0,533
211/41,Pension asset/liability deferred tax,1007,0
154/4,Deposits paid,40127,0
80/2,Joint ventures corporation tax,0,13938
166/1,Corporation tax,2941,0
22/7,VAT flat rate adjustment,0,4896
140/1,Investment property (leased) - cost b/fwd,0,11122
102/9,"Patents, trademarks and licenses - Transfer to ownership",13402,0
222/2,Revaluation reserve b/fwd,0,97784
174/7,Interest payable,5876,0
129/15,Interest in joint ventures - provision - revaluation adjustments,0,12085
39/15,Depreciation of plant and machinery,6047,0
102/9,"Patents, trademarks and licenses - Transfer to ownership",98,0
264/1,Other comprehensive income b/fwd,13924,0
207/2,Accelerated capital allowances,1568,0
12/1,Vehicles costs,96501,0
114/15,"Patents, trademarks and licenses (leased) - amortisation - revaluation adjustments",6106,0
108/8,Long leasehold - Exchange differences,0,5761
194/22,Issue of new preference share capital at par,0,300679
9/11,Profit/loss on sale of investments,353387,0
206/1,Other leases interest less than one year,189026,0
119/4,Long leasehold (leased) - Grants,0,1403
168/1,VAT control account,0,7009
134/3,Loans to other participating interests - Repayments,59248,0
111/11,Fixtures and fittings - Accumulated depreciation b/fwd,10516,0
49/7,Staff related consultancy,0,2173
1/4,Domestic sales,14529,0
130/11,Interest in joint ventures' goodwill - Provision b/fwd,0,58
53/22,Depreciation of other tangible assets,11154,0
62/4,Bank charges,106526,0
210/3,Accrued expenses,10554,0
110/11,Plant and machinery - Accumulated depreciation b/fwd,98061,0
32/1,Deposit account interest,0,11146
109/16,Improvements to property - depreciation - impairments,0,61919
111/5,Fixtures and fittings - Revaluations,0,3923
264/1,Other comprehensive income b/fwd,0,9057
179/3,Dividends payable - non-equity,0,81429
234/1,Suspense account,0,10705
215/7,Share capital 6,10835,0
17/5,Gain/loss on revaluation of investment properties,0,12775
29/147,Imported Test Account 0147,44,0
194/18,Preference shares - share type 17,2946,0
127/11,Interest in associates - Provision b/fwd,0,1941
129/19,Interest in joint ventures - Reclassification/transfers,0,29643
189/1,Bank loans and overdrafts,0,11876
115/10,Development costs (leased) - Reclassification/transfers,0,215
210/3,Accrued expenses,0,69495
68/8,Profit/loss on sale of computer software (disallowable),0,115
223/3,Bonus share issue,37858,0
136/12,Other investments not loans - Unlisted - Provision for the Year,0,2880
114/3,"Patents, trademarks and licenses (leased) - Disposals cost",516,0
60/5,Accountancy fee,49153,0
28/61,Imported Test Account 0061,9972,0
235/7,Office equipment - Reversal of impairments,0,10584
110/12,Plant and machinery - Depreciation charge for the Year,60538,0
127/6,Interest in associates - Impairments,0,20298
194/21,Preference shares - share type 20,573,0
105/13,Other - amortisation - on disposal,4787,0
140/1,Investment property (leased) - cost b/fwd,40983,0
118/12,Short leasehold (leased) - Depreciation charge for the Year,9536,0
109/9,Improvements to property - Transfer to ownership,14241,0
119/19,Long leasehold (leased) - depreciation - transfer to ownership,0,7569
151/5,Provision for doubtful debts,12719,0
5/10,Directors' compensation for loss of office,11163,0
107/3,Short leasehold - Disposals cost,46590,0
29/108,Imported Test Account 0108,15926,0
28/90,Imported Test Account 0090,5,0
29/173,Imported Test Account 0173,6659,0
219/4,Purchase of own shares,967,0
36/10,Directors' compensation for loss of office,4690,0
127/2,Interest in associates - Additions cost,0,182966
28/25,Imported Test Account 0025,0,8772
22/1,Rents received (Property income),0,1138
29/173,Imported Test Account 0173,0,56494
109/6,Improvements to property - Impairments,2410,0
196/18,Preference shares - share type 17,7884,0
264/8,Share of OCI from joint ventures/associates,8753,0
29/101,Imported Test Account 0101,0,1162
43/2,Profit/loss on sale of goodwill (disallowable),13160,0
223/5,Transfer to/from profit and loss account,0,58388
132/3,Loans to Associates - Repayments,0,7102
130/2,Interest in joint ventures' goodwill - Additions cost,7407,0
68/20,Joint venture profit/loss on sale of fixed asset investments,44107,0
49/4,Other staff-related expenses,46089,0
166/3,CIS control account,0,12512
236/4,Other - Grants,0,10941
28/71,Imported Test Account 0071,0,14444
139/12,Investment property - depreciation charge for the year,0,8643
140/4,Investment property (leased) - grants,0,72381
5/14,Other directors related costs,0,273912
149/6,Deposits paid,8933,0
223/5,Transfer to/from profit and loss account,0,7540
156/4,Other investments - unlisted - cost b/fwd,12718,0
198/6,Preference shares - share type 5,2802,0
106/6,Freehold property - Impairments,0,22349
112/16,Motor vehicles - depreciation - impairments,21053,0
131/7,Interest in others - Reversal of impairments,12548,0
76/2,Non-controlling interest - non equity,13379,0
219/3,Bonus share issue,2113,0
138/12,Investment in own shares - Provision for the Year,0,2963
1/3,Contracts with customers,0,12790
136/10,Other investments not loans - Unlisted - Reclassification/transfers,6947,0
217/4,Purchase of own shares,3733,0
29/97,Imported Test Account 0097,0,200
103/13,Development costs - amortisation - on disposal,45256,0
24/9,Reversal of impairment losses on computer software,444246,0
5/12,Directors' remuneration trust expenses,0,477120
211/13,Obligation curtailments,14960,0
2/8,mohit,0,39598
68/5,Profit/loss on sale of goodwill (disallowable),2876,0
194/24,Purchase of own shares,46526,0
132/5,Loans to Associates - Aggregate amount W/Off,99349,0
198/8,Preference shares - share type 7,37061,0
192/14,Preference shares - share type 13,0,87
212/13,Obligation settlements,0,8641
52/2,Rent,9343,0
120/3,Improvements to property (leased) - Disposals cost,10421,0
147/6,Wages and Salaries Overpaid,0,30049
225/2,Fair value reserve brought forward,7069,0
45/3,Profit/loss on sale or termination of an operation,1289,0
29/98,Imported Test Account 0098,0,18618
54/3,"Profit/loss on sale of patents, trademarks and licenses (disallowable)",0,7930
123/3,Motor vehicles (leased) - Disposals cost,14404,0
53/5,Amortisation of computer software (disallowable),4542,0
106/7,Freehold property - Reversal of impairments,0,2870
5/12,Directors' remuneration trust expenses,45402,0
120/8,Improvements to property (leased) - Exchange differences,278896,0
119/19,Long leasehold (leased) - depreciation - transfer to ownership,7102,0
129/19,Interest in joint ventures - Reclassification/transfers,56507,0
211/10,Obligation benefits paid,93593,0
226/6,Reduction in share capital,3116,0
28/2,Income from participating interest in joint venture,133198,0
223/5,Transfer to/from profit and loss account,0,83955
29/174,Imported Test Account 0174,7890,0
28/29,Imported Test Account 0029,9569,0
194/21,Preference shares - share type 20,3568,0
6/7,Remuneration trust expenses,0,10636
45/3,Profit/loss on sale or termination of an operation,53522,0
66/14,Office expenses,0,14546
24/9,Reversal of impairment losses on computer software,0,5250
223/9,Increase in share capital,0,53121
40/4,Vehicle hire,0,81045
40/8,Website costs,12666,0
122/15,Fixtures and fittings (leased) - depreciation - revaluation adjustments,10287,0
18/1,Cost of sales - exceptional item,8705,0
112/9,Motor vehicles - Transfer to ownership,4770,0
29/159,Imported Test Account 0159,0,5275
4/4,Closing stock - finished goods,4393,0
1/8,Rental income,0,2122
136/7,Other investments not loans - Unlisted - Reversal of impairments,0,11619
170/20,Proposed dividends share type 19,777,0
223/5,Transfer to/from profit and loss account,0,8682
24/9,Reversal of impairment losses on computer software,76663,0
24/9,Reversal of impairment losses on computer software,16007,0
24/3,"Reversal of impairment losses on patents, trademarks and licenses (disallowable)",91057,0
36/2,Directors' salaries,0,169
219/1,Share premium,0,142245
221/3,Preference share premium - utilisation,86415,0
212/26,Assets settlements,2137,0
223/5,Transfer to/from profit and loss account,0,2450
66/13,Consultancy fee,0,10000
115/10,Development costs (leased) - Reclassification/transfers,435728,0
68/14,Profit/loss on sale of fixed asset investments,0,16726
205/3,Other leases gross - 1 to 2 years,0,44985
105/4,Other - Grants,0,8242
102/15,"Patents, trademarks and licenses - amortisation - revaluation adjustments",2970,0
29/175,Imported Test Account 0175,14841,0
224/10,Testing,13444,0
136/2,Other investments not loans - Unlisted - Additions cost,0,344593
14/1,Short-term lease,0,70060
198/20,Preference shares - share type 19,0,56776
198/12,Preference shares - share type 11,20905,0
198/4,Preference shares - share type 3,0,7330
45/3,Profit/loss on sale or termination of an operation,3222,0
223/5,Transfer to/from profit and loss account,0,6096
28/52,Imported Test Account 0052,503,0
28/5,Imported Test Account 0005,0,11769
66/19,Accommodation,0,14343
29/126,Imported Test Account 0126,0,2850
201/1,Hire purchase gross less than one year,7412,0
101/17,Goodwill - amortisation - reversal of impairments,55647,0
102/11,"Patents, trademarks and licenses - Accumulated Amortisation b/fwd",0,2632
118/15,Short leasehold (leased) - depreciation - revaluation adjustments,10,0
68/5,Profit/loss on sale of goodwill (disallowable),51405,0
51/3,Hire of land and building,30372,0
120/3,Improvements to property (leased) - Disposals cost,0,4510
102/7,"Patents, trademarks and licenses - Reversal of impairments",0,12593
109/1,Improvements to property - Cost b/fwd,5233,0
29/150,Imported Test Account 0150,0,8557
29/118,Imported Test Account 0118,0,117
151/3,Amounts receivable in respect of finance leases,0,8775
211/14,Obligation settlements,12657,0
118/12,Short leasehold (leased) - Depreciation charge for the Year,11295,0
66/13,Consultancy fee,0,13304
102/19,"Patents, trademarks and licenses - amortisation - transfer to ownership",10017,0
59/4,Taxation compliance services,3038,0
28/68,Imported Test Account 0068,0,2919
139/20,Investment in Property - Reclassification/transfers,58663,0
29/159,Imported Test Account 0159,55873,0
124/18,Computer equipment (leased) - depreciation - exchange differences,7154,0
136/1,Other investments not loans - Unlisted - Cost b/fwd,0,696
236/2,Other - Additions cost,10269,0
198/15,Preference shares - share type 14,86128,0
70/7,Operating lease: equipment,3072,0
111/13,Fixtures and fittings - depreciation - on disposal,91,0
194/21,Preference shares - share type 20,46368,0
102/19,"Patents, trademarks and licenses - amortisation - transfer to ownership",12823,0
104/13,Computer software - amortisation - on disposal,604,0
118/18,Short leasehold (leased) - depreciation - exchange differences,667,0
129/3,Interest in joint ventures - Disposals cost,0,84
68/5,Profit/loss on sale of goodwill (disallowable),0,8
66/13,Consultancy fee,4067,0
168/1,VAT control account,32619,0
49/3,Temporary staff and recruitment,0,10421
5/15,asd,12978,0
196/14,Preference shares - share type 13,0,3138
135/12,Other investments not loans - Listed - Provision for the Year,2499,0
235/15,Office equipment - depreciation - revaluation adjustments,2090,0
118/19,Short leasehold (leased) - depreciation - transfer to ownership,0,954
198/13,Preference shares - share type 12,0,43149
102/19,"Patents, trademarks and licenses - amortisation - transfer to ownership",0,11614
53/9,Amortisation of computer software,2636,0
9/10,Profit/loss on sale of tangible fixed assets,948,0
215/5,Share capital 4,223,0
198/4,Preference shares - share type 3,0,49016
29/152,Imported Test Account 0152,4571,0
54/2,Profit/loss on sale of goodwill (disallowable),43140,0
115/6,Development costs (leased) - Impairments,0,5160
39/4,Amortisation of development costs (disallowable),25904,0
181/1,Debenture loans,7390,0
24/8,Reversal of impairment losses on development costs,0,3238
28/55,Imported Test Account 0055,95116,0
111/11,Fixtures and fittings - Accumulated depreciation b/fwd,3212,0
46/3,Gain/loss on revaluation of tangible assets,83913,0
5/12,Directors' remuneration trust expenses,11123,0
111/3,Fixtures and fittings - Disposals cost,368894,0
103/3,Development costs - Disposals cost,0,90
200/3,Preference shares - share type 2,0,325040
115/10,Development costs (leased) - Reclassification/transfers,0,4493
201/4,Hire purchase gross - 2 to 3 years,13203,0
138/7,Investment in own shares - Reversal of impairments,0,7490
211/31,Pension - frsse,3137,0
45/3,Profit/loss on sale or termination of an operation,0,10118
109/4,Improvements to property - Grants,9503,0
46/2,Gain/loss on revaluation of intangible assets,5539,0
194/15,Preference shares - share type 14,7583,0
227/1,Share options reserve b/fwd,52431,0
29/159,Imported Test Account 0159,0,7643
29/125,Imported Test Account 0125,0,2506
113/6,Computer equipment - Impairments,14318,0
72/1,Interest income on pension scheme assets,14374,0
56/2,Reorganisation and restructuring costs,23244,0
210/4,Deferred grants,8107,0
211/3,Obligation brought forward,0,9034
121/15,Plant and machinery (leased) - depreciation - revaluation adjustments,0,14640
204/4,Finance leases interest - 2 to 3 years,11531,0
138/12,Investment in own shares - Provision for the Year,0,755
174/10,Business credit card,0,10522
124/14,Computer equipment (leased) - depreciation - charge written back,3089,0
47/16,Directors pension past service costs,0,86
146/1,Trade debtors,80986,0
223/5,Transfer to/from profit and loss account,7698,0
111/11,Fixtures and fittings - Accumulated depreciation b/fwd,0,216
12/1,Vehicles costs,12359,0
156/1,Shares in group - cost b/fwd,68261,0
115/10,Development costs (leased) - Reclassification/transfers,3,0
24/9,Reversal of impairment losses on computer software,117,0
68/5,Profit/loss on sale of goodwill (disallowable),0,7277
168/1,VAT control account,0,12032
116/7,Computer software (leased) - Reversal of impairments,3607,0
68/5,Profit/loss on sale of goodwill (disallowable),1341,0
49/3,Temporary staff and recruitment,9040,0
194/20,Preference shares - share type 19,0,1193
69/2,Joint ventures/associates amounts w/o investments,107,0
129/3,Interest in joint ventures - Disposals cost,4064,0
215/10,Share capital 9,0,48341
44/3,"Impairment loss on patents, trademarks and licenses (disallowable)",0,32486
200/7,Preference shares - share type 6,0,2979
49/5,Travel and subsistence,6672,0
105/19,Other - amortisation - transfer to ownership,0,7561
123/4,Motor vehicles (leased) - Grants,13895,0
8/8,Amortisation of development costs,14348,0
168/1,VAT control account,12604,0
41/3,Variable payments,46846,0
215/3,Share capital 2,2337,0
29/173,Imported Test Account 0173,13356,0
49/1,Staff training,12270,0
120/19,Improvements to property (leased) - depreciation - transfer to ownership,0,427522
5/3,Directors' fees,3369,0
124/10,Computer equipment (leased) - Reclassification/transfers,9721,0
5/12,Directors' remuneration trust expenses,0,10459
4/3,Closing stock - work in progress,14115,0
29/159,Imported Test Account 0159,0,66704
134/1,Loans to other participating interests - Cost b/fwd,6257,0
118/16,Short leasehold (leased) - depreciation - impairments,0,4680
264/8,Share of OCI from joint ventures/associates,14508,0
153/1,Called up share capital not paid,0,9974
66/13,Consultancy fee,0,22
116/7,Computer software (leased) - Reversal of impairments,21598,0
223/5,Transfer to/from profit and loss account,0,3831
29/151,Imported Test Account 0151,0,1588
105/1,Other - Cost b/fwd,0,9056
113/12,Computer equipment - Depreciation charge for the Year,0,97080
207/5,Deferred tax,0,65481
29/159,Imported Test Account 0159,0,1055
123/6,Motor vehicles (leased) - Impairments,9668,0
36/11,Directors' share-based payments,236483,0
28/52,Imported Test Account 0052,0,63032
224/7,Reduction in share capital,9538,0
29/183,Imported Test Account 0183,0,9223
71/1,Joint ventures/associates interest payable and similar charges,0,46726
223/5,Transfer to/from profit and loss account,10501,0
29/149,Imported Test Account 0149,14250,0
41/3,Variable payments,13992,0
235/9,Office equipment - Transfer to ownership,0,4987
104/13,Computer software - amortisation - on disposal,0,64989
141/3,Raw materials,0,41819
111/7,Fixtures and fittings - Reversal of impairments,39748,0
28/15,Imported Test Account 0015,2046,0
29/159,Imported Test Account 0159,6968,0
112/14,Motor vehicles - depreciation - charge written back,0,7231
174/2,Dividends payable - equity,107,0
215/4,Share capital 3,0,5027
104/9,Computer software - Transfer to ownership,0,60
111/7,Fixtures and fittings - Reversal of impairments,0,7563
111/7,Fixtures and fittings - Reversal of impairments,5929,0
226/6,Reduction in share capital,0,8772
170/11,Proposed dividends share type 10,0,10885
125/14,Shares in Group - Provision written back,0,64
136/19,Other investments not loans - Unlisted - Reclassification/transfers,401697,0
103/8,Development costs - Exchange differences,0,8059
8/9,Amortisation of computer software,0,1109
111/11,Fixtures and fittings - Accumulated depreciation b/fwd,0,79245
29/175,Imported Test Account 0175,0,13332
38/6,Travel and subsistence,5576,0
39/1,Amortisation of intangible fixed assets,0,150
127/18,Interest in associates - provision - exchange differences,0,4930
54/1,Profit/loss on sale of intangible fixed assets,20676,0
264/7,Unrealised (deficit)/surplus on impairment of tangible fixed assets,0,21160
200/5,Preference shares - share type 4,99812,0
49/3,Temporary staff and recruitment,0,14845
177/2,Deferred grants and income,747,0
39/8,Amortisation of development costs,1170,0
194/21,Preference shares - share type 20,0,70538
28/52,Imported Test Account 0052,2738,0
136/2,Other investments not loans - Unlisted - Additions cost,10723,0
211/38,Previously unrecognised surplus deducted from past service costs,3927,0
40/9,Client entertainment,3736,0
65/1,Advertising and marketing,0,66888
29/101,Imported Test Account 0101,7986,0
176/1,Amounts owed to group undertakings,249,0
218/3,Bonus share issue,0,14413
68/5,Profit/loss on sale of goodwill (disallowable),0,12253
192/21,Preference shares - share type 20,0,12249
112/1,Motor vehicles - Cost b/fwd,81625,0
1/6,EU sales,10810,0
207/5,Deferred tax,5799,0
226/6,Reduction in share capital,0,36434
110/14,Plant and machinery - depreciation - charge written back,0,9432
138/7,Investment in own shares - Reversal of impairments,0,79556
5/5,Directors' commission,7620,0
6/2,PAYE and NI contributions,0,3254
111/11,Fixtures and fittings - Accumulated depreciation b/fwd,5584,0
67/5,Joint ventures goodwill amortisation,0,671
29/175,Imported Test Account 0175,0,12229
118/18,Short leasehold (leased) - depreciation - exchange differences,71072,0
66/19,Accommodation,12536,0
66/19,Accommodation,5,0
212/26,Assets settlements,0,14786
136/1,Other investments not loans - Unlisted - Cost b/fwd,0,221834
127/19,Interest in associates - Reclassification/transfers,39346,0
170/10,Proposed dividends share type 9,1439,0
136/2,Other investments not loans - Unlisted - Additions cost,0,12522
212/14,Obligation actuarial (gains)/lossess from changes in demographic assumptions,0,383130
190/1,Bank loans and overdrafts,0,7316
187/1,Bank loans and overdrafts,0,1629
202/5,Hire purchase interest - 3 to 4 years,0,95479
170/21,Proposed dividends share type 20,845,0
108/12,Long leasehold - Depreciation charge for the Year,0,7463
103/3,Development costs - Disposals cost,9481,0
119/4,Long leasehold (leased) - Grants,7153,0
66/13,Consultancy fee,2501,0
66/19,Accommodation,0,24205
235/9,Office equipment - Transfer to ownership,0,3591
174/11,Pension Payable,14503,0
3/5,cash,4427,0
5/12,Directors' remuneration trust expenses,0,7590
115/3,Development costs (leased) - Disposals cost,6473,0
41/3,Variable payments,0,8708
110/4,Plant and machinery - Grants,11638,0
66/5,Telephone and internet,49,0
28/96,Imported Test Account 0096,3238,0
5/12,Directors' remuneration trust expenses,0,5184
66/7,Sundry expenses,0,3594
29/165,Imported Test Account 0165,0,87421
124/7,Computer equipment (leased) - Reversal of impairments,0,73145
223/2,Capital redemption reserve b/fwd,19,0
198/4,Preference shares - share type 3,0,10464
128/17,Interest in associates' goodwill - Reversal of impairments,88399,0
221/2,Preference share premium - new issue,12158,0
81/2,Joint ventures deferred tax,0,11615
264/7,Unrealised (deficit)/surplus on impairment of tangible fixed assets,43515,0
7/2,Staff welfare,0,13751
175/1,Trade creditors,0,10489
47/15,Directors pension current service costs,0,1289
139/9,Investment in Property - Transfer to ownership,14341,0
115/10,Development costs (leased) - Reclassification/transfers,0,3627
120/15,Improvements to property (leased) - depreciation - revaluation adjustments,15992,0
108/1,Long leasehold - Cost b/fwd,0,25245
176/2,Amounts owed to participating interests,0,4446
22/4,Other operating income (taxable),4506,0
41/3,Variable payments,0,10277
119/4,Long leasehold (leased) - Grants,0,3558
223/5,Transfer to/from profit and loss account,4029,0
108/2,Long leasehold - Additions cost,89242,0
211/39,Gains and losses on any settlements or curtailments,9706,0
4/5,Closing stock - merchandise,0,7108
222/14,Reduction in share capital,995,0
125/14,Shares in Group - Provision written back,0,564
102/9,"Patents, trademarks and licenses - Transfer to ownership",58473,0
29/181,Imported Test Account 0181,8434,0
205/5,Other leases gross - 3 to 4 years,85430,0
135/16,Other investments not loans - listed - provision - impairments,0,5084
114/6,"Patents, trademarks and licenses (leased) - Impairments",10687,0
212/5,Obligation contributions by employer,33649,0
226/3,Prior year adjustment - correction of error,11611,0
36/6,Directors' PAYE and NI contributions,0,7823
117/20,Freehold property (leased) - Reclassification/transfers,211,0
127/6,Interest in associates - Impairments,5766,0
137/3,Other loans - Unlisted - Repayments,0,95349
130/1,Interest in joint ventures' goodwill - Cost b/fwd,7242,0
102/3,"Patents, trademarks and licenses - Disposals cost",0,29611
112/11,Motor vehicles - Accumulated depreciation b/fwd,0,4
192/2,Preference shares - share type 1,364553,0
103/11,Development costs - Accumulated Amortisation b/fwd,0,141
133/1,Loans to Joint ventures - Cost b/fwd,0,7782
192/12,Preference shares - share type 11,0,13782
226/6,Reduction in share capital,40312,0
28/52,Imported Test Account 0052,0,178
218/5,Purchase of own shares,6278,0
68/5,Profit/loss on sale of goodwill (disallowable),12206,0
220/2,Equity share premium - new issue,12040,0
66/21,Freelancer fees,12170,0
186/1,Bank loans and overdrafts,0,10085
6/4,Bonuses,0,89866
121/12,Plant and machinery (leased) - Depreciation charge for the Year,9930,0
103/3,Development costs - Disposals cost,0,2494
29/159,Imported Test Account 0159,0,1592
69/2,Joint ventures/associates amounts w/o investments,0,11926
226/7,Dividends,13552,0
110/13,Plant and machinery - Eliminated on disposal,9,0
126/3,Loans to Group - Repayments,0,74
120/18,Improvements to property (leased) - depreciation - exchange differences,94035,0
24/10,Reversal of impairment losses on tangible fixed assets,838,0
115/13,Development costs (leased) - amortisation - on disposal,0,6035
55/6,Impairment loss on goodwill,158,0
29/180,Imported Test Account 0180,851,0
116/7,Computer software (leased) - Reversal of impairments,0,212162
60/7,Corporation Tax penalties,72,0
22/5,Other operating income (not-taxable),0,8465
39/16,Depreciation of fixtures and fittings,0,5702
130/13,Interest in joint ventures' goodwill - Eliminated on disposal,0,4363
45/3,Profit/loss on sale or termination of an operation,0,7164
164/3,Directors' current accounts - additions,35432,0
118/19,Short leasehold (leased) - depreciation - transfer to ownership,5956,0
28/42,Imported Test Account 0042,77792,0
114/10,"Patents, trademarks and licenses (leased) - Reclassification/transfers",0,11106
122/15,Fixtures and fittings (leased) - depreciation - revaluation adjustments,153,0
105/10,Other - Reclassification/transfers,6868,0
119/17,Long leasehold (leased) - depreciation - reversal of impairments,14529,0
120/18,Improvements to property (leased) - depreciation - exchange differences,10355,0
49/3,Temporary staff and recruitment,4631,0
37/7,Remuneration trust expenses,0,8719
10/3,"Impairment loss on patents, trademarks and licenses (disallowable)",0,7892331
120/13,Improvements to property (leased) - Eliminated on disposal,88405,0
115/10,Development costs (leased) - Reclassification/transfers,0,6708
110/17,Plant and machinery - depreciation - reversal of impairments,0,2052
47/11,Directors' share-based payments,0,366040
47/15,Directors pension current service costs,73049,0
183/1,Debenture loans,0,1901
19/4,Government grants,8384,0
134/3,Loans to other participating interests - Repayments,13215,0
28/46,Imported Test Account 0046,5650,0
160/1,Bank account 1,0,14079
29/126,Imported Test Account 0126,3528,0
135/6,Other investments not loans - Listed - Impairments,0,19104
111/11,Fixtures and fittings - Accumulated depreciation b/fwd,0,30304
224/5,Cash share issue,0,11464
12/1,Vehicles costs,4667,0
41/3,Variable payments,0,12113
138/18,Investment in own shares - provision - exchange differences,0,2659
106/12,Freehold property - Depreciation charge for the Year,5066,0
142/1,Work in progress,1946,0
28/52,Imported Test Account 0052,0,9116
69/1,Amounts w/o investments,0,7339
107/8,Short leasehold - Exchange differences,0,5745
24/9,Reversal of impairment losses on computer software,0,9798
53/4,Amortisation of development costs (disallowable),96983,0
168/1,VAT control account,0,66969
264/8,Share of OCI from joint ventures/associates,0,9951
66/19,Accommodation,0,4199
124/13,Computer equipment (leased) - depreciation - on disposal,2100,0
122/1,Fixtures and fittings (leased) - Cost b/fwd,12023,0
101/11,Goodwill - Accumulated Amortisation b/fwd,0,10974
109/2,Improvements to property - Additions cost,0,9867
29/173,Imported Test Account 0173,0,891
49/3,Temporary staff and recruitment,35,0
264/8,Share of OCI from joint ventures/associates,0,11848
55/6,Impairment loss on goodwill,7951,0
122/14,Fixtures and fittings (leased) - depreciation - charge written back,0,851
111/7,Fixtures and fittings - Reversal of impairments,0,8565
136/18,Other investments not loans - unlisted - provision - exchange differences,0,23692
210/3,Accrued expenses,6691,0
135/14,Other investments not loans - Listed - Provision written back,75902,0
54/6,Profit/loss on sale of goodwill,12897,0
28/65,Imported Test Account 0065,0,14892
102/9,"Patents, trademarks and licenses - Transfer to ownership",0,322307
131/13,Interest in others - Eliminated on disposal,4553,0
204/5,Finance leases interest - 3 to 4 years,0,6843
29/153,Imported Test Account 0153,1419,0
139/6,Investment property - impairments,26,0
223/4,Purchase of own shares (equity),76403,0
160/2,Bank account 2,0,5126
113/7,Computer equipment - Reversal of impairments,28131,0
43/3,"Profit/loss on sale of patents, trademarks and licenses (disallowable)",1721,0
37/5,Redundancy costs,0,9538
122/4,Fixtures and fittings (leased) - Grants,0,304314
54/1,Profit/loss on sale of intangible fixed assets,83175,0
212/1,Retirement healthcare benefits,231109,0
8/17,Depreciation of motor vehicles,0,216081
24/9,Reversal of impairment losses on computer software,27626,0
211/33,Current service cost,8026,0
55/5,Impairment loss on computer software (disallowable),1020,0
130/18,Interest in joint ventures' goodwill - Exchange differences,0,11678
103/3,Development costs - Disposals cost,3179,0
101/1,Goodwill - Cost b/fwd,0,9259
28/80,Imported Test Account 0080,11874,0
29/140,Imported Test Account 0140,0,53466
5/12,Directors' remuneration trust expenses,51453,0
201/3,Hire purchase gross - 1 to 2 years,3817,0
264/1,Other comprehensive income b/fwd,0,8710
222/5,Investments w/off / revalued,0,10214
194/21,Preference shares - share type 20,20,0
1/11,new cash transaction,0,11863
165/1,Directors' loan accounts,12684,0
29/148,Imported Test Account 0148,6761,0
24/9,Reversal of impairment losses on computer software,0,4814
109/9,Improvements to property - Transfer to ownership,7259,0
101/6,Goodwill - Impairments,11036,0
1/1,Sales,0,1861
111/8,Fixtures and fittings - Exchange differences,18900,0
29/135,Imported Test Account 0135,0,836
206/3,Other leases interest - 1 to 2 years,7954,0
138/7,Investment in own shares - Reversal of impairments,0,2223
194/17,Preference shares - share type 16,0,2722
118/18,Short leasehold (leased) - depreciation - exchange differences,5684,0
147/1,Other debtors,82,0
29/159,Imported Test Account 0159,6470,0
115/4,Development costs (leased) - Grants,4194,0
217/1,Preference share capital b/fwd,1608,0
119/14,Long leasehold (leased) - depreciation - charge written back,34731,0
60/2,Taxation fee,0,79914
179/4,Obligations under hire purchase/finance leases,9837,0
10/2,Impairment loss on goodwill (disallowable),255566,0
28/52,Imported Test Account 0052,27636,0
44/1,Impairment loss on intangible fixed assets,0,5121
127/16,Interest in associates - provision - impairments,0,16
130/7,Interest in joint ventures' goodwill - Reversal of impairments,0,12588
28/88,Imported Test Account 0088,13816,0
192/4,Preference shares - share type 3,0,1626
154/4,Deposits paid,5480,0
128/18,Interest in associates' goodwill - Exchange differences,6245,0
122/20,Fixtures and fittings (leased) - Reclassification/transfers,89113,0
214/2,Issue of new equity share capital at par,13219,0
194/20,Preference shares - share type 19,0,85286
116/7,Computer software (leased) - Reversal of impairments,26719,0
203/5,Finance leases gross - 3 to 4 years,0,14742
29/117,Imported Test Account 0117,6388,0
129/19,Interest in joint ventures - Reclassification/transfers,5024,0
13/2,Advertising and marketing,95773,0
120/18,Improvements to property (leased) - depreciation - exchange differences,0,59781
131/18,Interest in others - Exchange differences,497178,0
264/11,Foreign currency adjustments (reclassifiable),87377,0
116/15,Computer software (leased) - amortisation - revaluation adjustments,0,12090
6/2,PAYE and NI contributions,218244,0
68/20,Joint venture profit/loss on sale of fixed asset investments,0,7525
210/3,Accrued expenses,0,14647
154/4,Deposits paid,166,0
135/17,Other investments not loans - listed - provision - reversal of impairments,12736,0
138/12,Investment in own shares - Provision for the Year,0,61200
110/16,Plant and machinery - depreciation - impairments,0,40717
125/11,Shares in Group - Provision b/fwd,49672,0
110/19,Plant and machinery - depreciation - transfer to ownership,0,10692
236/14,Other - depreciation - charge written back,0,86395
211/18,Assets fair value of scheme assets,0,5791
110/20,Plant and machinery - Reclassification/transfers,57449,0
5/12,Directors' remuneration trust expenses,0,35621
215/8,Share capital 7,27653,0
186/2,Bank loans and overdrafts - secured,0,54966
210/2,Deferred government grants,0,13446
104/12,Computer software - Amortisation charge for the Year,8750,0
106/17,Freehold property - depreciation - reversal of impairments,0,10479
54/4,Profit/loss on sale of development costs (disallowable),7567,0
28/74,Imported Test Account 0074,0,11560
236/8,Other - Exchange differences,14371,0
264/1,Other comprehensive income b/fwd,0,144
68/25,Associates profit/loss on sale of fixed asset investments,0,29243
103/12,Development costs - Amortisation charge for the Year,15,0
53/1,Amortisation of intangible fixed assets,0,92921
264/1,Other comprehensive income b/fwd,473381,0
121/17,Plant and machinery (leased) - depreciation - reversal of impairments,237,0
211/28,Assets return on plan assets (excluding interest income),0,3994
11/3,Utilities costs,0,14442
136/1,Other investments not loans - Unlisted - Cost b/fwd,8690,0
108/4,Long leasehold - Grants,0,720
224/3,Bonus share issue,0,126969
211/35,Past service costs,11021,0
56/3,Profit/loss on sale or termination of an operation,1,0
130/15,Interest in joint ventures' goodwill - Revaluation adjustments,0,3489
41/3,Variable payments,0,12625
135/14,Other investments not loans - Listed - Provision written back,0,5488
127/6,Interest in associates - Impairments,2309,0
223/5,Transfer to/from profit and loss account,0,9431
68/11,Profit/loss on sale of development costs,10348,0
52/2,Rent,8570,0
115/14,Development costs (leased) - amortisation - charge written back,0,12571
206/2,Other leases interest - 1 to 5 years,0,12923
28/10,Imported Test Account 0010,0,102
110/17,Plant and machinery - depreciation - reversal of impairments,79738,0
226/6,Reduction in share capital,28388,0
136/1,Other investments not loans - Unlisted - Cost b/fwd,0,39068
223/5,Transfer to/from profit and loss account,0,6452
54/8,Profit/loss on sale of development costs,0,44269
8/4,Amortisation of development costs (disallowable),0,47
212/8,Obligation actuarial losses/(gains),3657,0
112/10,Motor vehicles - Reclassification/transfers,0,4060
37/1,Wages and salaries,95115,0
111/11,Fixtures and fittings - Accumulated depreciation b/fwd,0,7806
49/3,Temporary staff and recruitment,0,12313
129/3,Interest in joint ventures - Disposals cost,0,924
136/1,Other investments not loans - Unlisted - Cost b/fwd,33552,0
74/2,Adjustment in respect of prior period deferred tax,7755,0
222/4,Transfer to/from profit and loss account,0,97361
41/3,Variable payments,0,7993
135/2,Other investments not loans - Listed - Additions cost,0,1987
41/3,Variable payments,14202,0
167/2,Social security and other tax,8423,0
264/8,Share of OCI from joint ventures/associates,12305,0
50/2,Low-value assets,87905,0
118/18,Short leasehold (leased) - depreciation - exchange differences,0,8693
41/3,Variable payments,0,38886
68/5,Profit/loss on sale of goodwill (disallowable),8057,0
118/20,Short leasehold (leased) - Reclassification/transfers,100,0
62/3,Provision for doubtful debts,1972,0
29/166,Imported Test Account 0166,4091,0
140/3,Investment property (leased) - disposals cost,0,8432
102/19,"Patents, trademarks and licenses - amortisation - transfer to ownership",4304,0
125/5,Shares in Group - Revaluations,601,0
33/1,Current asset investment income,0,188
223/5,Transfer to/from profit and loss account,2342,0
28/87,Imported Test Account 0087,209186,0
117/10,Freehold property (leased) - Reclassification/transfers,0,13840
225/4,Purchase of own shares,12164,0
194/21,Preference shares - share type 20,13693,0
31/1,Investment income - exceptional item,46320,0
68/5,Profit/loss on sale of goodwill (disallowable),0,4359
129/8,Interest in joint ventures - Exchange differences,0,7870
116/7,Computer software (leased) - Reversal of impairments,71393,0
218/3,Bonus share issue,0,85
9/2,Profit/loss on sale of goodwill (disallowable),156,0
211/10,Obligation benefits paid,0,5986
9/11,Profit/loss on sale of investments,96392,0
200/10,Preference shares - share type 9,0,38206
111/9,Fixtures and fittings - Transfer to ownership,0,82039
29/173,Imported Test Account 0173,2849,0
118/5,Short leasehold (leased) - Revaluations,14162,0
29/157,Imported Test Account 0157,0,86869
127/9,Interest in associates - Dividends received,0,9765
9/8,Profit/loss on sale of development costs,6170,0
127/6,Interest in associates - Impairments,749,0
38/3,Temporary staff and recruitment,99268,0
66/13,Consultancy fee,0,13091
12/1,Vehicles costs,0,4345
114/17,"Patents, trademarks and licenses (leased) - amortisation - reversal of impairments",11087,0
47/15,Directors pension current service costs,949,0
136/1,Other investments not loans - Unlisted - Cost b/fwd,4458,0
192/3,Preference shares - share type 2,0,14913
211/20,Assets contributions by scheme participants,7557,0
211/17,Obligation other remeasurement,5587,0
29/175,Imported Test Account 0175,0,7586
44/4,Impairment loss on development costs (disallowable),0,13653
111/7,Fixtures and fittings - Reversal of impairments,0,24965
59/3,Audit related assurance services,0,58112
165/2,Directors' loan accounts - balance b/fwd,494027,0
47/15,Directors pension current service costs,0,15287
211/1,Defined benefit pension scheme asset/liability b/fwd,0,158
205/7,Other leases gross more than 5 years,0,94
9/11,Profit/loss on sale of investments,77087,0
23/11,Profit on sale of investments,0,1099
124/19,Computer equipment (leased) - depreciation - transfer to ownership,6275,0
115/10,Development costs (leased) - Reclassification/transfers,0,9126
106/8,Freehold property - Exchange differences,11444,0
200/14,Preference shares - share type 13,0,226
194/1,Preference shares,2792,0
103/3,Development costs - Disposals cost,12186,0
55/6,Impairment loss on goodwill,12297,0
211/10,Obligation benefits paid,0,7660
26/1,fd,10200,0
112/15,Motor vehicles - depreciation - revaluation adjustments,52512,0
101/20,Goodwill - Reclassification/transfers,14795,0
108/13,Long leasehold - Eliminated on disposal,0,94435
105/14,Other - amortisation - charge written back,56362,0
29/113,Imported Test Account 0113,10529,0
115/10,Development costs (leased) - Reclassification/transfers,0,11610
120/7,Improvements to property (leased) - Reversal of impairments,49540,0
129/3,Interest in joint ventures - Disposals cost,4836,0
41/3,Variable payments,0,14150
41/3,Variable payments,0,86353
264/4,Foreign currency adjustments (non-reclassifiable),478882,0
108/10,Long leasehold - Reclassification/transfers,0,2519
47/15,Directors pension current service costs,2029,0
105/8,Other - Exchange differences,0,8815
130/14,Interest in joint ventures' goodwill - Provision written back,7175,0
118/5,Short leasehold (leased) - Revaluations,0,16668
23/4,Profit on sale of development costs (disallowable),0,456856
223/7,Prior year adjustment - correction of error,14876,0
120/6,Improvements to property (leased) - Impairments,5058,0
105/4,Other - Grants,102,0
114/1,"Patents, trademarks and licenses (leased) - Cost b/fwd",87087,0
117/16,Freehold property (leased) - depreciation - impairments,131,0
101/8,Goodwill - Exchange differences,0,10498
6/1,Wages and salaries,1353,0
66/19,Accommodation,325429,0
119/12,Long leasehold (leased) - Depreciation charge for the Year,0,2964
4/5,Closing stock - merchandise,0,11120
55/6,Impairment loss on goodwill,0,11522
114/17,"Patents, trademarks and licenses (leased) - amortisation - reversal of impairments",0,43263
192/22,Issue of new preference share capital at par,0,95830
192/16,Preference shares - share type 15,0,3135
127/3,Interest in associates - Disposals cost,12,0
12/1,Vehicles costs,176,0
211/12,Obligation business combinations,0,13116
226/6,Reduction in share capital,12882,0
200/3,Preference shares - share type 2,11187,0
5/2,Directors' salaries,8249,0
205/3,Other leases gross - 1 to 2 years,0,6615
47/6,Directors' PAYE and NI contributions,47340,0
211/10,Obligation benefits paid,0,3966
4/5,Closing stock - merchandise,27848,0
67/1,Joint ventures/associates share of operating profit,0,57
62/6,Paypal fees,0,7873
136/1,Other investments not loans - Unlisted - Cost b/fwd,14746,0
211/11,Obligation exchange differences on foreign plans,0,2156
131/14,Interest in others - Provision written back,41340,0
124/12,Computer equipment (leased) - Depreciation charge for the Year,19008,0
5/5,Directors' commission,9740,0
125/14,Shares in Group - Provision written back,0,17796
29/121,Imported Test Account 0121,10258,0
128/9,Interest in associates' goodwill - Dividends received,0,1569
28/52,Imported Test Account 0052,0,13814
125/14,Shares in Group - Provision written back,922,0
220/1,Equity share premium b/fwd,118,0
29/1,Income from fixed asset investments (Franked),66401,0
264/10,Deferred tax movement on OCI (non-reclassifiable),62680,0
211/8,Obligation interest cost,0,51787
9/2,Profit/loss on sale of goodwill (disallowable),2725,0
214/6,Prior year adjustment - correction of error,50,0
156/6,Shares in Group - Additions cost,82118,0
129/3,Interest in joint ventures - Disposals cost,0,4372
186/1,Bank loans and overdrafts,12149,0
194/21,Preference shares - share type 20,0,75787
101/6,Goodwill - Impairments,70412,0
194/10,Preference shares - share type 9,0,11164
212/12,Obligation curtailments,25975,0
123/2,Motor vehicles (leased) - Additions cost,0,64832
103/8,Development costs - Exchange differences,0,10566
124/6,Computer equipment (leased) - Impairments,14571,0
49/3,Temporary staff and recruitment,11682,0
36/7,Directors' pension contributions - defined benefit scheme,9770,0
120/3,Improvements to property (leased) - Disposals cost,8059,0
24/9,Reversal of impairment losses on computer software,14707,0
28/95,Imported Test Account 0095,0,3354
28/37,Imported Test Account 0037,236005,0
136/8,Other investments not loans - Unlisted - Exchange differences,5485,0
39/16,Depreciation of fixtures and fittings,14816,0
200/1,Preference shares,20713,0
66/4,Stationery and postage,25917,0
205/2,Other leases gross - 1 to 5 years,0,40973
138/12,Investment in own shares - Provision for the Year,0,88014
118/18,Short leasehold (leased) - depreciation - exchange differences,0,97830
40/11,Cash discounts,0,82959
68/5,Profit/loss on sale of goodwill (disallowable),0,18296
136/1,Other investments not loans - Unlisted - Cost b/fwd,9582,0
125/14,Shares in Group - Provision written back,169,0
120/3,Improvements to property (leased) - Disposals cost,67007,0
170/2,Proposed dividends share type 1,194,0
55/10,Impairment loss on tangible fixed assets,0,284001
45/1,Selling and distribution costs - exceptional item,14069,0
12/1,Vehicles costs,0,14830
103/3,Development costs - Disposals cost,261982,0
66/13,Consultancy fee,0,7957
12/1,Vehicles costs,7546,0
146/5,Provision for doubtful debts,212,0
200/8,Preference shares - share type 7,12036,0
46/4,Gain/loss on revaluation of investments,86907,0
4/2,Closing stock - raw materials,5657,0
211/10,Obligation benefits paid,0,8087
125/10,Shares in Group - Reclassification/transfers,82017,0
116/3,Computer software (leased) - Disposals cost,0,9615
129/3,Interest in joint ventures - Disposals cost,13209,0
236/13,Other - depreciation - on disposal,0,2421
123/2,Motor vehicles (leased) - Additions cost,1054,0
170/20,Proposed dividends share type 19,34616,0
200/3,Preference shares - share type 2,7290,0
151/1,Trade debtors,0,9926
105/4,Other - Grants,0,178
35/3,Associates interest receivable,84648,0
131/17,Interest in others - Reversal of impairments,8023,0
106/17,Freehold property - depreciation - reversal of impairments,0,12963
68/20,Joint venture profit/loss on sale of fixed asset investments,0,5982
68/5,Profit/loss on sale of goodwill (disallowable),0,49534
110/10,Plant and machinery - Reclassification/transfers,6847,0
198/3,Preference shares - share type 2,0,6768
116/7,Computer software (leased) - Reversal of impairments,0,1153
264/1,Other comprehensive income b/fwd,1178,0
28/39,Imported Test Account 0039,13918,0
29/173,Imported Test Account 0173,0,40616
194/21,Preference shares - share type 20,0,211
28/3,Income from other participating interests,0,9642
129/3,Interest in joint ventures - Disposals cost,17339,0
24/4,Reversal of impairment losses on development costs (disallowable),6612,0
1/2,Contracts,0,7241
29/173,Imported Test Account 0173,5470,0
138/19,Investment in own shares - Reclassification/transfers,2602,0
5/12,Directors' remuneration trust expenses,0,12730
54/4,Profit/loss on sale of development costs (disallowable),982,0
211/9,Obligation actuarial losses/(gains),3172,0
127/15,Interest in associates - provision - revaluation adjustments,13528,0
111/7,Fixtures and fittings - Reversal of impairments,0,313266
25/1,Gain/loss on revaluation of assets,4118,0
235/14,Office equipment - depreciation - charge written back,12565,0
106/11,Freehold property - Accumulated depreciation b/fwd,84918,0
207/5,Deferred tax,89117,0
167/3,CIS control account,0,10465
29/173,Imported Test Account 0173,0,66181
194/21,Preference shares - share type 20,0,14946
200/3,Preference shares - share type 2,11601,0
235/16,Office equipment - depreciation - impairments,0,4447
161/2,Amounts owed by/to participating interests,1135,0
47/15,Directors pension current service costs,0,2613
119/4,Long leasehold (leased) - Grants,28578,0
202/2,Hire purchase interest - 1 to 5 years,87258,0
5/12,Directors' remuneration trust expenses,11431,0
125/14,Shares in Group - Provision written back,10889,0
66/13,Consultancy fee,6416,0
205/3,Other leases gross - 1 to 2 years,0,10154
117/8,Freehold property (leased) - Exchange differences,40846,0
148/2,Premium on called up share capital not paid,8500,0
45/3,Profit/loss on sale or termination of an operation,47448,0
47/15,Directors pension current service costs,0,9977
122/12,Fixtures and fittings (leased) - Depreciation charge for the Year,7020,0
215/2,Share capital 1,1036,0
106/1,Freehold property - Cost b/fwd,0,2628
135/3,Other investments not loans - Listed - Disposals cost,5689,0
5/12,Directors' remuneration trust expenses,0,8284
28/52,Imported Test Account 0052,0,2582
124/6,Computer equipment (leased) - Impairments,7895,0
49/3,Temporary staff and recruitment,0,4157
138/12,Investment in own shares - Provision for the Year,10572,0
36/4,Directors' bonuses,0,14086
120/10,Improvements to property (leased) - Reclassification/transfers,0,99603
138/7,Investment in own shares - Reversal of impairments,2291,0
140/1,Investment property (leased) - cost b/fwd,8648,0
111/11,Fixtures and fittings - Accumulated depreciation b/fwd,35037,0
60/2,Taxation fee,0,74774
37/3,Staff pension contribution- defined benefit scheme,0,2546
66/3,Repairs and renewals,2496,0
5/5,Directors' commission,0,12067
68/20,Joint venture profit/loss on sale of fixed asset investments,1175,0
109/7,Improvements to property - Reversal of impairments,0,76650
103/15,Development costs - amortisation - revaluation adjustments,0,14492
47/15,Directors pension current service costs,13690,0
114/9,"Patents, trademarks and licenses (leased) - Transfer to ownership",2575,0
134/1,Loans to other participating interests - Cost b/fwd,0,34163
41/3,Variable payments,24900,0
134/3,Loans to other participating interests - Repayments,81865,0
154/2,Accrued income,0,11210
211/19,Assets contributions by employer,8780,0
29/143,Imported Test Account 0143,0,9733
29/106,Imported Test Account 0106,13446,0
5/2,Directors' salaries,11171,0
121/9,Plant and machinery (leased) - Transfer to ownership,82704,0
28/47,Imported Test Account 0047,9033,0
200/21,Preference shares - share type 20,0,69840
116/7,Computer software (leased) - Reversal of impairments,43005,0
40/5,Diesel and petrol,28507,0
170/8,Proposed dividends share type 7,0,9119
111/4,Fixtures and fittings - Grants,0,6299
124/4,Computer equipment (leased) - Grants,0,2221
43/5,Profit/loss on sale of computer software (disallowable),0,52932
136/1,Other investments not loans - Unlisted - Cost b/fwd,75586,0
212/11,Obligation business combinations,5623,0
164/2,Directors' current accounts - balance b/fwd,0,10376
102/19,"Patents, trademarks and licenses - amortisation - transfer to ownership",5903,0
264/7,Unrealised (deficit)/surplus on impairment of tangible fixed assets,213,0
218/5,Purchase of own shares,10002,0
212/3,Obligation current service cost,174,0
29/173,Imported Test Account 0173,5598,0
115/12,Development costs (leased) - Amortisation charge for the Year,0,8510
223/4,Purchase of own shares (equity),1234,0
65/2,Client entertainment,0,14137
122/15,Fixtures and fittings (leased) - depreciation - revaluation adjustments,847,0
120/6,Improvements to property (leased) - Impairments,11253,0
198/3,Preference shares - share type 2,0,267849
140/1,Investment property (leased) - cost b/fwd,0,53140
112/6,Motor vehicles - Impairments,76791,0
112/2,Motor vehicles - Additions cost,0,13922
19/2,Grant for eat out to help out,54669,0
47/14,Other directors related costs,0,410060
141/3,Raw materials,5695,0
192/25,Prior year adjustment,0,196939
28/4,Imported Test Account 0004,82298,0
117/14,Freehold property (leased) - depreciation - charge written back,0,2663
135/4,Other investments not loans - Listed - Share of profit/loss,6107,0
139/10,Investment in Property - Reclassification/transfers,13896,0
140/9,Investment property (leased) - transfer to ownership,15799,0
4/7,Closing stock - other inventories,0,10995
112/11,Motor vehicles - Accumulated depreciation b/fwd,0,89276
52/3,"Light, heat and power",7396,0
192/1,Preference shares,212690,0
115/10,Development costs (leased) - Reclassification/transfers,87881,0
194/21,Preference shares - share type 20,0,79314
205/3,Other leases gross - 1 to 2 years,0,34679
211/13,Obligation curtailments,8455,0
47/15,Directors pension current service costs,45438,0
200/3,Preference shares - share type 2,0,50418
126/5,Loans to Group - Aggregate amount W/Off,0,5224
55/3,"Impairment loss on patents, trademarks and licenses (disallowable)",4014,0
66/19,Accommodation,0,8254
128/12,Interest in associates' goodwill - Provision for the Year,0,2353
152/2,Debts factored without recourse,91870,0
192/24,Purchase of own shares,8311,0
113/10,Computer equipment - Reclassification/transfers,0,2284
226/6,Reduction in share capital,1376,0
194/21,Preference shares - share type 20,0,40110
28/52,Imported Test Account 0052,0,13553
137/4,Other loans - Unlisted - Revaluations,29947,0
135/6,Other investments not loans - Listed - Impairments,0,6937
101/5,Goodwill - Revaluations,0,11398
264/1,Other comprehensive income b/fwd,42011,0
136/1,Other investments not loans - Unlisted - Cost b/fwd,3045,0
115/10,Development costs (leased) - Reclassification/transfers,19709,0
29/155,Imported Test Account 0155,4226,0
43/4,Profit/loss on sale of development costs (disallowable),17608,0
198/1,Preference shares,0,7550
211/10,Obligation benefits paid,55,0
43/6,Profit/loss on sale of goodwill,0,73175
134/3,Loans to other participating interests - Repayments,0,7560
125/14,Shares in Group - Provision written back,0,432980
223/4,Purchase of own shares (equity),77870,0
70/5,Hire purchase interest,0,96
170/17,Proposed dividends share type 16,244,0
103/7,Development costs - Reversal of impairments,97,0
129/11,Interest in joint ventures - Provision b/fwd,74536,0
39/7,"Amortisation of patents, trademarks and licenses",2793,0
264/1,Other comprehensive income b/fwd,0,142
115/7,Development costs (leased) - Reversal of impairments,161,0
66/17,Uniform expense,0,6954
135/1,Other investments not loans - Listed - Cost b/fwd,0,10785
24/9,Reversal of impairment losses on computer software,4846,0
210/3,Accrued expenses,4412,0
113/3,Computer equipment - Disposals cost,6647,0
129/19,Interest in joint ventures - Reclassification/transfers,336108,0
10/4,Impairment loss on development costs (disallowable),40788,0
128/8,Interest in associates' goodwill - Exchange differences,0,4496
129/3,Interest in joint ventures - Disposals cost,0,14586
38/2,Staff welfare,7750,0
133/1,Loans to Joint ventures - Cost b/fwd,0,8613
5/6,Directors' PAYE and NI contributions,0,10516
29/162,Imported Test Account 0162,0,4623
47/15,Directors pension current service costs,5168,0
152/1,Other debtors,0,73879
122/19,Fixtures and fittings (leased) - depreciation - transfer to ownership,0,14045
4/7,Closing stock - other inventories,0,81
194/23,Other issues,4843,0
53/18,Depreciation of computer equipment,8019,0
138/13,Investment in own shares - provision - on disposal,97691,0
28/19,Imported Test Account 0019,0,6288
118/12,Short leasehold (leased) - Depreciation charge for the Year,0,33531
168/1,VAT control account,5747,0
128/10,Interest in associates' goodwill - Reclassification/transfers,60944,0
124/11,Computer equipment (leased) - Accumulated depreciation b/fwd,57487,0
49/3,Temporary staff and recruitment,0,3920
131/11,Interest in others - Provision b/fwd,0,76112
29/107,Imported Test Account 0107,13299,0
212/24,Assets business combinations,0,66159
101/16,Goodwill - amortisation - impairments,0,3460
4/5,Closing stock - merchandise,11920,0
28/36,Imported Test Account 0036,39682,0
125/14,Shares in Group - Provision written back,85935,0
224/10,Testing,0,45560
24/9,Reversal of impairment losses on computer software,0,9120
192/6,Preference shares - share type 5,0,3898
44/9,Impairment loss on computer software,0,14090
53/20,Amortisation of other intangible fixed assets,0,88142
140/1,Investment property (leased) - cost b/fwd,0,9473
47/13,Payment to third parties for director's services,0,3292
109/9,Improvements to property - Transfer to ownership,55736,0
141/3,Raw materials,8257,0
37/6,Share-based payments,0,6961
226/6,Reduction in share capital,0,39276
55/6,Impairment loss on goodwill,2947,0
13/3,Outsourcing costs,0,14338
122/11,Fixtures and fittings (leased) - Accumulated depreciation b/fwd,25317,0
170/1,Proposed dividends,6346,0
135/11,Other investments not loans - Listed - Provision b/fwd,24,0
125/13,Shares in group - provision - on disposal,0,12040
111/7,Fixtures and fittings - Reversal of impairments,4346,0
140/2,Investment property (leased) - additions cost,96409,0
138/7,Investment in own shares - Reversal of impairments,11849,0
236/1,Other - Cost b/fwd,33743,0
139/15,Investment property - depreciation - revaluation adjustments,0,1688
116/7,Computer software (leased) - Reversal of impairments,14250,0
29/175,Imported Test Account 0175,1010,0
68/5,Profit/loss on sale of goodwill (disallowable),0,5590
115/10,Development costs (leased) - Reclassification/transfers,13532,0
39/16,Depreciation of fixtures and fittings,8081,0
40/5,Diesel and petrol,72405,0
39/6,Amortisation of goodwill,8279,0
223/5,Transfer to/from profit and loss account,0,3069
66/19,Accommodation,0,91200
29/159,Imported Test Account 0159,7043,0
24/9,Reversal of impairment losses on computer software,14855,0
29/173,Imported Test Account 0173,0,3675
236/20,Other - Reclassification/transfers,0,57680
136/9,Other investments not loans - Unlisted - Dividends received,65152,0
28/77,Imported Test Account 0077,0,5593
119/19,Long leasehold (leased) - depreciation - transfer to ownership,0,11394
29/124,Imported Test Account 0124,0,13860
115/10,Development costs (leased) - Reclassification/transfers,0,5915
115/10,Development costs (leased) - Reclassification/transfers,4238,0
68/5,Profit/loss on sale of goodwill (disallowable),6142,0
118/11,Short leasehold (leased) - Accumulated depreciation b/fwd,0,93490
28/51,Imported Test Account 0051,0,81978
118/3,Short leasehold (leased) - Disposals cost,10620,0
29/172,Imported Test Account 0172,8829,0
49/3,Temporary staff and recruitment,0,10578
109/11,Improvements to property - Accumulated depreciation b/fwd,19440,0
28/14,Imported Test Account 0014,56184,0
49/3,Temporary staff and recruitment,658,0
120/4,Improvements to property (leased) - Grants,5104,0
106/9,Freehold property - Transfer to ownership,190114,0
107/12,Short leasehold - Depreciation charge for the Year,76361,0
126/1,Loans to Group - Cost b/fwd,86176,0
23/9,Profit on sale of computer software,11378,0
198/15,Preference shares - share type 14,50665,0
218/4,Transfer from reserves,0,38095
29/126,Imported Test Account 0126,0,57
29/173,Imported Test Account 0173,34240,0
39/18,Depreciation of computer equipment,4077,0
74/1,Current year deferred tax,0,41202
61/5,Travel and subsistence,2914,0
200/6,Preference shares - share type 5,0,14561
172/3,Deferred grants and income,0,7295
163/4,Amounts owed by/to associates,45313,0
47/15,Directors pension current service costs,0,72309
68/5,Profit/loss on sale of goodwill (disallowable),71569,0
125/14,Shares in Group - Provision written back,10532,0
140/1,Investment property (leased) - cost b/fwd,0,232267
103/16,Development costs - amortisation - impairments,8448,0
134/3,Loans to other participating interests - Repayments,33004,0
119/6,Long leasehold (leased) - Impairments,11539,0
108/7,Long leasehold - Reversal of impairments,0,7271
116/7,Computer software (leased) - Reversal of impairments,10966,0
29/159,Imported Test Account 0159,0,1740
235/9,Office equipment - Transfer to ownership,0,6287
116/12,Computer software (leased) - Amortisation charge for the Year,7519,0
211/10,Obligation benefits paid,0,8411
202/1,Hire purchase interest less than one year,0,7452
170/12,Proposed dividends share type 11,14569,0
109/9,Improvements to property - Transfer to ownership,0,11394
129/19,Interest in joint ventures - Reclassification/transfers,0,7002
121/4,Plant and machinery (leased) - Grants,3858,0
138/12,Investment in own shares - Provision for the Year,90657,0
123/10,Motor vehicles (leased) - Reclassification/transfers,0,5526
122/13,Fixtures and fittings (leased) - depreciation - on disposal,0,5911
106/17,Freehold property - depreciation - reversal of impairments,12912,0
116/7,Computer software (leased) - Reversal of impairments,0,7862
227/4,Transfer to/from profit and loss account,11051,0
123/7,Motor vehicles (leased) - Reversal of impairments,4083,0
8/15,Depreciation of plant and machinery,0,5130
125/14,Shares in Group - Provision written back,3391,0
68/5,Profit/loss on sale of goodwill (disallowable),79637,0
235/19,Office equipment - depreciation - transfer to ownership,3706,0
115/10,Development costs (leased) - Reclassification/transfers,0,220
125/16,Shares in group - provision - impairments,0,3389
239/1,asd,3058,0
102/9,"Patents, trademarks and licenses - Transfer to ownership",0,1885
154/4,Deposits paid,211761,0
118/18,Short leasehold (leased) - depreciation - exchange differences,0,2306
123/16,Motor vehicles (leased) - depreciation - impairments,0,4894
41/3,Variable payments,89397,0
222/10,Bonus share issue,8911,0
117/7,Freehold property (leased) - Reversal of impairments,235,0
118/19,Short leasehold (leased) - depreciation - transfer to ownership,0,12708
29/159,Imported Test Account 0159,7900,0
24/9,Reversal of impairment losses on computer software,0,92086
29/195,Imported Test Account 0195,47,0
3/3,EU purchases,5376,0
111/20,Fixtures and fittings - Reclassification/transfers,0,42
224/8,Discretionary allocation of profits to members,0,15609
1/15,asda,0,11183
116/7,Computer software (leased) - Reversal of impairments,3712,0
121/19,Plant and machinery (leased) - depreciation - transfer to ownership,30923,0
207/5,Deferred tax,83,0
39/15,Depreciation of plant and machinery,7399,0
57/2,Gain/loss on revaluation of intangible assets,28902,0
264/9,Unrealized gain/(loss) (non-reclassifiable),0,10725
24/9,Reversal of impairment losses on computer software,0,82039
6/4,Bonuses,160,0
8/10,Depreciation of tangible fixed assets,0,1081
38/7,Staff related consultancy,10295,0
10/1,Impairment loss on intangible fixed assets,0,13165
29/158,Imported Test Account 0158,0,61981
54/11,Profit/loss on sale of investments,949,0
200/1,Preference shares,2440,0
10/10,Impairment loss on tangible fixed assets,20091,0
66/21,Freelancer fees,0,3373
116/9,Computer software (leased) - Transfer to ownership,0,307735
29/145,Imported Test Account 0145,51020,0
235/3,Office equipment - Disposals cost,82390,0
106/17,Freehold property - depreciation - reversal of impairments,269359,0
139/5,Investment property - revaluations,0,142
68/20,Joint venture profit/loss on sale of fixed asset investments,0,8164
121/10,Plant and machinery (leased) - Reclassification/transfers,428381,0
226/6,Reduction in share capital,28151,0
28/26,Imported Test Account 0026,0,3561
62/1,Cash discounts given,0,3777
29/173,Imported Test Account 0173,0,4314
194/26,Transfers from neps more than 1 year,14738,0
28/67,Imported Test Account 0067,4993,0
236/17,Other - depreciation - reversal of impairments,7721,0
120/3,Improvements to property (leased) - Disposals cost,0,7478
154/1,Prepayments,72,0
39/17,Depreciation of motor vehicles,639,0
111/7,Fixtures and fittings - Reversal of impairments,12626,0
205/1,Other leases gross less than one year,10095,0
80/1,Joint ventures/associates corporation tax,13741,0
29/170,Imported Test Account 0170,927,0
80/3,Associates corporation tax,9996,0
55/6,Impairment loss on goodwill,14387,0
111/7,Fixtures and fittings - Reversal of impairments,0,204
49/3,Temporary staff and recruitment,4570,0
210/3,Accrued expenses,0,205
61/7,Mileage claim,13741,0
111/2,Fixtures and fittings - Additions cost,88672,0
28/6,Imported Test Account 0006,1498,0
104/13,Computer software - amortisation - on disposal,140,0
24/9,Reversal of impairment losses on computer software,0,36097
264/7,Unrealised (deficit)/surplus on impairment of tangible fixed assets,7636,0
128/19,Interest in associates' goodwill - Reclassification/transfers,0,97799
62/6,Paypal fees,3734,0
105/18,Other - amortisation - exchange differences,0,154074
5/5,Directors' commission,1964,0
39/4,Amortisation of development costs (disallowable),0,43
66/13,Consultancy fee,0,10421
200/1,Preference shares,12647,0
22/1,Rents received (Property income),0,13403
9/1,Profit/loss on sale of intangible fixed assets,0,13005
179/2,Dividends payable - equity,4335,0
113/13,Computer equipment - depreciation - on disposal,0,24080
217/1,Preference share capital b/fwd,142,0
29/173,Imported Test Account 0173,0,46381
227/5,Expiry of share options in the year,0,12102
116/7,Computer software (leased) - Reversal of impairments,12896,0
68/5,Profit/loss on sale of goodwill (disallowable),196785,0
119/4,Long leasehold (leased) - Grants,0,8947
14/2,Low-value assets,0,4357
28/52,Imported Test Account 0052,8644,0
223/5,Transfer to/from profit and loss account,0,14571
154/4,Deposits paid,711,0
122/10,Fixtures and fittings (leased) - Reclassification/transfers,6953,0
202/7,Hire purchase interest more than 5 years,62393,0
28/52,Imported Test Account 0052,0,6138
121/14,Plant and machinery (leased) - depreciation - charge written back,9755,0
125/14,Shares in Group - Provision written back,13776,0
47/15,Directors pension current service costs,13,0
196/11,Preference shares - share type 10,0,6582
22/2,Discounts received,11869,0
111/7,Fixtures and fittings - Reversal of impairments,10342,0
103/19,Development costs - amortisation - transfer to ownership,0,17132
24/1,Reversal of impairment losses on intangible fixed assets,4458,0
101/14,Goodwill - amortisation - charge written back,11548,0
228/2,Created during the year,36641,0
8/14,Depreciation of improvements to property,0,74065
59/6,Internal audit services,0,7531
28/20,Imported Test Account 0020,88783,0
194/1,Preference shares,473979,0
264/7,Unrealised (deficit)/surplus on impairment of tangible fixed assets,0,26676
170/19,Proposed dividends share type 18,7583,0
39/16,Depreciation of fixtures and fittings,320309,0
12/1,Vehicles costs,17494,0
202/5,Hire purchase interest - 3 to 4 years,0,11648
102/19,"Patents, trademarks and licenses - amortisation - transfer to ownership",13832,0
129/3,Interest in joint ventures - Disposals cost,0,14483
49/3,Temporary staff and recruitment,72935,0
28/52,Imported Test Account 0052,10963,0
129/3,Interest in joint ventures - Disposals cost,6974,0
29/173,Imported Test Account 0173,0,7269
236/9,Other - Transfer to ownership,0,9116
103/8,Development costs - Exchange differences,13911,0
3/4,EU services,1695,0
29/169,Imported Test Account 0169,0,2710
79/1,Extraordinary items - non controlling interest,0,10964
225/1,Fair value reserve,6495,0
107/16,Short leasehold - depreciation - impairments,69375,0
68/5,Profit/loss on sale of goodwill (disallowable),5982,0
55/6,Impairment loss on goodwill,39735,0
14/2,Low-value assets,0,2527
222/11,Purchase of own shares,0,11041
210/3,Accrued expenses,38556,0
59/4,Taxation compliance services,5820,0
57/5,Gain/loss on revaluation of investment properties,6131,0
62/6,Paypal fees,0,70
39/16,Depreciation of fixtures and fittings,0,6521
140/12,Investment property (leased) - depreciation charge for the year,0,196
131/9,Interest in others - Dividends received,0,8612
154/4,Deposits paid,6020,0
29/114,Imported Test Account 0114,11673,0
222/9,Deferred tax provided on revaluation of trade investments,0,8250
127/9,Interest in associates - Dividends received,0,3831
122/7,Fixtures and fittings (leased) - Reversal of impairments,11283,0
28/69,Imported Test Account 0069,63982,0
7/3,Temporary staff and recruitment,88768,0
24/9,Reversal of impairment losses on computer software,9373,0
28/1,Imported Test Account 0001,0,153
101/4,Goodwill - Grants,0,48174
140/11,Investment property (leased) - accumulated depreciation b/fwd,0,11889
118/18,Short leasehold (leased) - depreciation - exchange differences,0,9144
28/75,Imported Test Account 0075,13754,0
120/20,Improvements to property (leased) - Reclassification/transfers,0,7956
68/5,Profit/loss on sale of goodwill (disallowable),0,13831
139/19,Investment in Property - Transfer to ownership,100,0
116/8,Computer software (leased) - Exchange differences,33328,0
194/7,Preference shares - share type 6,0,51848
127/6,Interest in associates - Impairments,0,12728
200/20,Preference shares - share type 19,84495,0
